address;area;date;demanded_price;final_price;monthly_fee;operating_cost;price_per_squaremeter;room_number;title;url;year_of_construction
Luxgatan 7;30;13/01/21;2350000;2550000;1733;6096;85000;1 rum;Luxgatan 7 - SÌ´ld bostadsrÌ_ttslÌ_genhet - Lilla Essingen \\ Kungsholmen, Stockholm - Hemnet;https://www.hemnet.se/salda/lagenhet-1rum-lilla-essingen-kungsholmen-stockholms-kommun-luxgatan-7-1313676;1937
Primusgatan 108, 6/6 tr;101;10/01/21;11400000;11400000;5887;5540;112871;4 rum;Primusgatan 108, 6/6 tr - SÌ´ld bostadsrÌ_ttslÌ_genhet - Kungsholmen / Lilla Essingen, Stockholm - Hemnet;https://www.hemnet.se/salda/lagenhet-4rum-kungsholmen-lilla-essingen-stockholms-kommun-primusgatan-108,-6-6-tr-1312380;1935
StrÌ´lgatan 47, 3 tr;31;08/01/21;2595000;2875000;2471;3200;92742;2 rum;StrÌ´lgatan 47, 3 tr  - SÌ´ld bostadsrÌ_ttslÌ_genhet - Lilla Essingen - Kungsholmen, Stockholm - Hemnet;https://www.hemnet.se/salda/lagenhet-2rum-lilla-essingen-kungsholmen-stockholms-kommun-stralgatan-47,-3-tr-1312152;1939
Disponentgatan 1;46;08/01/21;3550000;3550000;3003;12979;77174;2,5 rum;Disponentgatan 1 - SÌ´ld bostadsrÌ_ttslÌ_genhet - Lilla Essingen, STOCKHOLM - Hemnet;https://www.hemnet.se/salda/lagenhet-2,5rum-lilla-essingen-stockholms-kommun-disponentgatan-1-1312061;1935
Essinge Brogata 12;34.5;08/01/21;2495000;2900000;2162;4200;84058;2 rum;Essinge Brogata 12 - SÌ´ld bostadsrÌ_ttslÌ_genhet - Kungsholmen - Lilla Essingen, Stockholm - Hemnet;https://www.hemnet.se/salda/lagenhet-2rum-kungsholmen-lilla-essingen-stockholms-kommun-essinge-brogata-12-1311880;1934
Essinge Brogata 39, 2 tr;23;14/12/20;1895000;2205000;1787;3600;95870;1 rum;Essinge Brogata 39, 2 tr  - SÌ´ld bostadsrÌ_ttslÌ_genhet - Lilla Essingen - Kungsholmen, Stockholm - Hemnet;https://www.hemnet.se/salda/lagenhet-1rum-lilla-essingen-kungsholmen-stockholms-kommun-essinge-brogata-39,-2-tr-1305647;1938
StrÌ´lgatan 47;40;11/12/20;2595000;2850000;2957;4860;71250;2 rum;StrÌ´lgatan 47 - SÌ´ld bostadsrÌ_ttslÌ_genhet - Lilla Essingen \\ Kungsholmen, Stockholm - Hemnet;https://www.hemnet.se/salda/lagenhet-2rum-lilla-essingen-kungsholmen-stockholms-kommun-stralgatan-47-1302841;1939
Patentgatan 1, 3tr;69;04/12/20;5995000;6400000;3778;7200;92754;3 rum;Patentgatan 1, 3tr - SÌ´ld bostadsrÌ_ttslÌ_genhet - Lilla Essingen, Stockholm - Hemnet;https://www.hemnet.se/salda/lagenhet-3rum-lilla-essingen-stockholms-kommun-patentgatan-1,-3tr-1299622;2006
Primusgatan 82, 6tr;84.5;03/12/20;8495000;8495000;4828;7800;100533;3 rum;Primusgatan 82, 6tr - SÌ´ld bostadsrÌ_ttslÌ_genhet - Lilla Essingen, Stockholm - Hemnet;https://www.hemnet.se/salda/lagenhet-3rum-lilla-essingen-stockholms-kommun-primusgatan-82,-6tr-1299073;2004
Primusgatan 81, vÌ´n 4;96;01/12/20;8495000;9250000;4793;6860;96354;4 rum;Primusgatan 81, vÌ´n 4 - SÌ´ld bostadsrÌ_ttslÌ_genhet - Lilla Essingen \\ Kungsholmen, Stockholm - Hemnet;https://www.hemnet.se/salda/lagenhet-4rum-lilla-essingen-kungsholmen-stockholms-kommun-primusgatan-81,-van-4-1298651;2004
StrÌ´lgatan 23, 4 tr;33;01/12/20;2650000;2900000;2362;4000;87879;2 rum;StrÌ´lgatan 23, 4 tr - SÌ´ld bostadsrÌ_ttslÌ_genhet - Lilla Essingen - Kungsholmen, Stockholm - Hemnet;https://www.hemnet.se/salda/lagenhet-2rum-lilla-essingen-kungsholmen-stockholms-kommun-stralgatan-23,-4-tr-1298222;1938
Essinge Brogata 39, 1 tr;38;01/12/20;2595000;2800000;2548;4100;73684;1,5 rum;Essinge Brogata 39, 1 tr  - SÌ´ld bostadsrÌ_ttslÌ_genhet - Lilla Essingen - Kungsholmen, Stockholm - Hemnet;https://www.hemnet.se/salda/lagenhet-1,5rum-lilla-essingen-kungsholmen-stockholms-kommun-essinge-brogata-39,-1-tr-1298221;1938
Essinge Brogata 22;19;27/11/20;1795000;2150000;1397;3600;113158;1 rum;Essinge Brogata 22  - SÌ´ld bostadsrÌ_ttslÌ_genhet - Lilla Essingen - Kungsholmen, Stockholm - Hemnet;https://www.hemnet.se/salda/lagenhet-1rum-lilla-essingen-kungsholmen-stockholms-kommun-essinge-brogata-22-1296724;1939
Primusgatan 62;69;26/11/20;4695000;5150000;4507;5900;74638;3 rum;Primusgatan 62 - SÌ´ld bostadsrÌ_ttslÌ_genhet - Lilla Essingen \\ Kungsholmen, Stockholm - Hemnet;https://www.hemnet.se/salda/lagenhet-3rum-lilla-essingen-kungsholmen-stockholms-kommun-primusgatan-62-1295517;2007
Disponentgatan 1;36;25/11/20;2895000;3450000;2435;;95833;2 rum;Disponentgatan 1 - SÌ´ld bostadsrÌ_ttslÌ_genhet - Kungsholmen - Lilla Essingen, Stockholm - Hemnet;https://www.hemnet.se/salda/lagenhet-2rum-kungsholmen-lilla-essingen-stockholms-kommun-disponentgatan-1-1294792;1935
StrÌ´lgatan 21;24;24/11/20;1895000;2000000;1803;5200;83333;1 rum;StrÌ´lgatan 21 - SÌ´ld bostadsrÌ_ttslÌ_genhet - Lilla Essingen \\ Kungsholmen, STOCKHOLM - Hemnet;https://www.hemnet.se/salda/lagenhet-1rum-lilla-essingen-kungsholmen-stockholms-kommun-stralgatan-21-1294244;1938
Luxgatan 7, vÌ´n 2;54;24/11/20;4795000;5300000;3142;5800;98148;2 rum;Luxgatan 7, vÌ´n 2 - SÌ´ld bostadsrÌ_ttslÌ_genhet - Lilla Essingen \\ Kungsholmen, Stockholm - Hemnet;https://www.hemnet.se/salda/lagenhet-2rum-lilla-essingen-kungsholmen-stockholms-kommun-luxgatan-7,-van-2-1294198;1937
StrÌ´lgatan 19, 1tr;23;24/11/20;2290000;2650000;1384;1400;115217;1 rum;StrÌ´lgatan 19, 1tr - SÌ´ld bostadsrÌ_ttslÌ_genhet - Lilla Essingen, Stockholm - Hemnet;https://www.hemnet.se/salda/lagenhet-1rum-lilla-essingen-stockholms-kommun-stralgatan-19,-1tr-1294028;1938
Disponentgatan 1, 2tr;74;23/11/20;5995000;5900000;4455;7300;79730;3,5 rum;Disponentgatan 1, 2tr - SÌ´ld bostadsrÌ_ttslÌ_genhet - Lilla Essingen, Stockholm - Hemnet;https://www.hemnet.se/salda/lagenhet-3,5rum-lilla-essingen-stockholms-kommun-disponentgatan-1,-2tr-1294578;1935
Luxgatan 11;40;20/11/20;2895000;2930000;2003;9600;73250;2 rum;Luxgatan 11 - SÌ´ld bostadsrÌ_ttslÌ_genhet - Lilla Essingen, Stockholm - Hemnet;https://www.hemnet.se/salda/lagenhet-2rum-lilla-essingen-stockholms-kommun-luxgatan-11-1292188;1936
Essinge Brogata 20;41;19/11/20;2895000;3280000;2325;4810;80000;2 rum;Essinge Brogata 20 - SÌ´ld bostadsrÌ_ttslÌ_genhet - Lilla Essingen - Kungsholmen, Stockholm - Hemnet;https://www.hemnet.se/salda/lagenhet-2rum-lilla-essingen-kungsholmen-stockholms-kommun-essinge-brogata-20-1291983;1939
StrÌ´lgatan 8, 5 tr;35;19/11/20;2895000;3270000;2439;6100;93429;2 rum;StrÌ´lgatan 8, 5 tr - SÌ´ld bostadsrÌ_ttslÌ_genhet - Lilla Essingen - Kungsholmen, Stockholm - Hemnet;https://www.hemnet.se/salda/lagenhet-2rum-lilla-essingen-kungsholmen-stockholms-kommun-stralgatan-8,-5-tr-1291977;1938
StrÌ´lgatan 19, 2tr;32;11/11/20;2690000;3015000;1984;2640;94219;1,5 rum;StrÌ´lgatan 19, 2tr - SÌ´ld bostadsrÌ_ttslÌ_genhet - Kungsholmen  - Lilla Essingen, Stockholm - Hemnet;https://www.hemnet.se/salda/lagenhet-1,5rum-kungsholmen-lilla-essingen-stockholms-kommun-stralgatan-19,-2tr-1287084;1938
Primusgatan 70, 1tr;60;10/11/20;5195000;5050000;3787;6800;84167;2 rum;Primusgatan 70, 1tr - SÌ´ld bostadsrÌ_ttslÌ_genhet - Lilla Essingen, Stockholm - Hemnet;https://www.hemnet.se/salda/lagenhet-2rum-lilla-essingen-stockholms-kommun-primusgatan-70,-1tr-1286259;2004
Primusgatan 94, 7tr;64.5;06/11/20;6495000;7000000;3536;5100;108527;2 rum;Primusgatan 94, 7tr - SÌ´ld bostadsrÌ_ttslÌ_genhet - Kungsholmen - Lilla Essingen, STOCKHOLM - Hemnet;https://www.hemnet.se/salda/lagenhet-2rum-kungsholmen-lilla-essingen-stockholms-kommun-primusgatan-94,-7tr-1284179;2003
Essinge brogata 18, vÌ´n 4;78.5;05/11/20;4850000;5720000;4452;5900;72866;3,5 rum;Essinge brogata 18, vÌ´n 4 - SÌ´ld bostadsrÌ_ttslÌ_genhet - Lilla Essingen \\ Kungsholmen, Stockholm - Hemnet;https://www.hemnet.se/salda/lagenhet-3,5rum-lilla-essingen-kungsholmen-stockholms-kommun-essinge-brogata-18,-van-4-1283705;1939
Primusgatan 70, 1tr;72.5;04/11/20;6295000;6300000;4279;6700;86897;2 rum;Primusgatan 70, 1tr - SÌ´ld bostadsrÌ_ttslÌ_genhet - Lilla Essingen, Stockholm - Hemnet;https://www.hemnet.se/salda/lagenhet-2rum-lilla-essingen-stockholms-kommun-primusgatan-70,-1tr-1282577;2004
Essinge Brogata 12, 4tr;34.5;03/11/20;2495000;3050000;2162;;88406;2 rum;Essinge Brogata 12, 4tr - SÌ´ld bostadsrÌ_ttslÌ_genhet - Kungsholmen - Lilla Essingen, Stockholm - Hemnet;https://www.hemnet.se/salda/lagenhet-2rum-kungsholmen-lilla-essingen-stockholms-kommun-essinge-brogata-12,-4tr-1282272;1934
Primusgatan 88, vÌ´n 4;56;03/11/20;3750000;4860000;3233;4860;86786;2 rum;Primusgatan 88, vÌ´n 4 - SÌ´ld bostadsrÌ_ttslÌ_genhet - Lilla Essingen \\ Kungsholmen, Stockholm - Hemnet;https://www.hemnet.se/salda/lagenhet-2rum-lilla-essingen-kungsholmen-stockholms-kommun-primusgatan-88,-van-4-1282198;2003
StrÌ´lgatan 8, vÌ´n 6;23;29/10/20;1995000;2450000;1603;2400;106522;1 rum;StrÌ´lgatan 8, vÌ´n 6 - SÌ´ld bostadsrÌ_ttslÌ_genhet - Lilla Essingen - Kungsholmen, Stockholm - Hemnet;https://www.hemnet.se/salda/lagenhet-1rum-lilla-essingen-kungsholmen-stockholms-kommun-stralgatan-8,-van-6-1279899;1940
StrÌ´lgatan 19, vÌ´n 3;40;29/10/20;2850000;3400000;2464;2500;85000;1 rum;StrÌ´lgatan 19, vÌ´n 3 - SÌ´ld bostadsrÌ_ttslÌ_genhet - Kungsholmen Lilla Essingen, STOCKHOLM - Hemnet;https://www.hemnet.se/salda/lagenhet-1rum-kungsholmen-lilla-essingen-stockholms-kommun-stralgatan-19,-van-3-1279755;1938
Luxgatan 11, 4 tr;42;29/10/20;3250000;3600000;2334;2500;85714;2 rum;Luxgatan 11, 4 tr - SÌ´ld bostadsrÌ_ttslÌ_genhet - Kungsholmen Lilla Essingen, Stockholm - Hemnet;https://www.hemnet.se/salda/lagenhet-2rum-kungsholmen-lilla-essingen-stockholms-kommun-luxgatan-11,-4-tr-1279620;1936
Essinge Brogata 3;43;28/10/20;2895000;3520000;2458;6100;81860;2 rum;Essinge Brogata 3 - SÌ´ld bostadsrÌ_ttslÌ_genhet - Lilla Essingen - Kungsholmen, Stockholm - Hemnet;https://www.hemnet.se/salda/lagenhet-2rum-lilla-essingen-kungsholmen-stockholms-kommun-essinge-brogata-3-1279149;1938
Luxgatan 6, 1,5 tr;50;28/10/20;3495000;3800000;2079;3900;76000;2 rum;Luxgatan 6, 1,5 tr - SÌ´ld bostadsrÌ_ttslÌ_genhet - Lilla Essingen - Kungsholmen, Stockholm - Hemnet;https://www.hemnet.se/salda/lagenhet-2rum-lilla-essingen-kungsholmen-stockholms-kommun-luxgatan-6,-1,5-tr-1279177;1935
Essinge Brogata 23;48;26/10/20;3195000;3670000;2896;3500;76458;2 rum;Essinge Brogata 23 - SÌ´ld bostadsrÌ_ttslÌ_genhet - Lilla Essingen - Kungsholmen, Stockholm - Hemnet;https://www.hemnet.se/salda/lagenhet-2rum-lilla-essingen-kungsholmen-stockholms-kommun-essinge-brogata-23-1277532;1936
StrÌ´lgatan 33;39;26/10/20;2595000;3050000;2406;7600;78205;1,5 rum;StrÌ´lgatan 33 - SÌ´ld bostadsrÌ_ttslÌ_genhet - Lilla Essingen \\ Kungsholmen, Stockholm - Hemnet;https://www.hemnet.se/salda/lagenhet-1,5rum-lilla-essingen-kungsholmen-stockholms-kommun-stralgatan-33-1277486;1939
Luxgatan 19, 3tr;97.5;26/10/20;8195000;8360000;4856;5400;85744;4 rum;Luxgatan 19, 3tr - SÌ´ld bostadsrÌ_ttslÌ_genhet - Lilla Essingen, Stockholm - Hemnet;https://www.hemnet.se/salda/lagenhet-4rum-lilla-essingen-stockholms-kommun-luxgatan-19,-3tr-1277165;2006
Disponentgatan 4, 5 tr;56;24/10/20;4195000;5100000;3063;3600;91071;2 rum;Disponentgatan 4, 5 tr - SÌ´ld bostadsrÌ_ttslÌ_genhet - Lilla Essingen, Stockholm - Hemnet;https://www.hemnet.se/salda/lagenhet-2rum-lilla-essingen-stockholms-kommun-disponentgatan-4,-5-tr-1276882;1939
Essinge Brogata 3;91;23/10/20;5975000;6850000;4314;4200;75275;4 rum;Essinge Brogata 3 - SÌ´ld bostadsrÌ_ttslÌ_genhet - Lilla Essingen, Stockholm - Hemnet;https://www.hemnet.se/salda/lagenhet-4rum-lilla-essingen-stockholms-kommun-essinge-brogata-3-1276171;1937
Essinge Brogata 22;45;21/10/20;2700000;2650000;3307;7400;58889;2 rum;Essinge Brogata 22 - SÌ´ld bostadsrÌ_ttslÌ_genhet - Lilla Essingen - Kungsholmen, Stockholm - Hemnet;https://www.hemnet.se/salda/lagenhet-2rum-lilla-essingen-kungsholmen-stockholms-kommun-essinge-brogata-22-1274659;1938
Luxgatan 15, 4tr;61.5;21/10/20;5995000;6300000;3445;5900;102439;2 rum;Luxgatan 15, 4tr - SÌ´ld bostadsrÌ_ttslÌ_genhet - Lilla Essingen, Stockholm - Hemnet;https://www.hemnet.se/salda/lagenhet-2rum-lilla-essingen-stockholms-kommun-luxgatan-15,-4tr-1274332;1909
StrÌ´lgatan 23;29;20/10/20;2250000;2620000;2113;3620;90345;1 rum;StrÌ´lgatan 23 - SÌ´ld bostadsrÌ_ttslÌ_genhet - Lilla Essingen \\ Kungsholmen, Stockholm - Hemnet;https://www.hemnet.se/salda/lagenhet-1rum-lilla-essingen-kungsholmen-stockholms-kommun-stralgatan-23-1273665;1939
Essinge Brogata 27, vÌ´n 5/5;41;20/10/20;2895000;3200000;2461;3620;78049;2 rum;Essinge Brogata 27, vÌ´n 5/5 - SÌ´ld bostadsrÌ_ttslÌ_genhet - Lilla Essingen / Kungsholmen, Stockholm - Hemnet;https://www.hemnet.se/salda/lagenhet-2rum-lilla-essingen-kungsholmen-stockholms-kommun-essinge-brogata-27,-van-5-5-1273607;1938
Essinge Brogata 39, å_ tr;48;16/10/20;2650000;2730000;2648;;56875;2 rum;Essinge Brogata 39, å_ tr - SÌ´ld bostadsrÌ_ttslÌ_genhet - Kungsholmen Lilla Essingen, Stockholm - Hemnet;https://www.hemnet.se/salda/lagenhet-2rum-kungsholmen-lilla-essingen-stockholms-kommun-essinge-brogata-39,-tr-1271828;1938
Essinge Brogata 12, 5 tr;75.5;16/10/20;6000000;6000000;4828;;79470;2 rum;Essinge Brogata 12, 5 tr - SÌ´ld bostadsrÌ_ttslÌ_genhet - Lilla Essingen, Stockholm - Hemnet;https://www.hemnet.se/salda/lagenhet-2rum-lilla-essingen-stockholms-kommun-essinge-brogata-12,-5-tr-1304177;1934
Essinge brogata 27, vÌ´n 3;33;15/10/20;2495000;2950000;2132;3629;89394;2 rum;Essinge brogata 27, vÌ´n 3 - SÌ´ld bostadsrÌ_ttslÌ_genhet - Lilla Essingen \\ Kungsholmen, Stockholm - Hemnet;https://www.hemnet.se/salda/lagenhet-2rum-lilla-essingen-kungsholmen-stockholms-kommun-essinge-brogata-27,-van-3-1271028;1938
Primusgatan 86, 5tr;93.5;15/10/20;9295000;9100000;4622;7200;97326;3 rum;Primusgatan 86, 5tr - SÌ´ld bostadsrÌ_ttslÌ_genhet - Lilla Essingen, Stockholm - Hemnet;https://www.hemnet.se/salda/lagenhet-3rum-lilla-essingen-stockholms-kommun-primusgatan-86,-5tr-1270700;2003
Disponentgatan 2;45;14/10/20;2695000;3110000;1981;6400;69111;2 rum;Disponentgatan 2 - SÌ´ld bostadsrÌ_ttslÌ_genhet - Lilla Essingen - Kungsholmen, Stockholm - Hemnet;https://www.hemnet.se/salda/lagenhet-2rum-lilla-essingen-kungsholmen-stockholms-kommun-disponentgatan-2-1270442;1938
Essinge Brogata 12, 5 tr;76;14/10/20;4750000;6050000;4828;;79605;3 rum;Essinge Brogata 12, 5 tr - SÌ´ld bostadsrÌ_ttslÌ_genhet - Lilla Essingen, Stockholm - Hemnet;https://www.hemnet.se/salda/lagenhet-3rum-lilla-essingen-stockholms-kommun-essinge-brogata-12,-5-tr-1270569;1934
Essinge Brogata 5, 3 tr.;33;14/10/20;2695000;3100000;2026;4860;93939;2 rum;Essinge Brogata 5, 3 tr. - SÌ´ld bostadsrÌ_ttslÌ_genhet - Kungsholmen - Lilla Essingen, Stockholm - Hemnet;https://www.hemnet.se/salda/lagenhet-2rum-kungsholmen-lilla-essingen-stockholms-kommun-essinge-brogata-5,-3-tr,-1270547;1938
Essinge brogata 3, 4tr;43;14/10/20;2995000;3350000;2508;3200;77907;2 rum;Essinge brogata 3, 4tr - SÌ´ld bostadsrÌ_ttslÌ_genhet - Lilla Essingen, Stockholm - Hemnet;https://www.hemnet.se/salda/lagenhet-2rum-lilla-essingen-stockholms-kommun-essinge-brogata-3,-4tr-1270308;1938
Primusgatan 51, 10tr;60;14/10/20;4995000;5500000;3594;7300;91667;2 rum;Primusgatan 51, 10tr - SÌ´ld bostadsrÌ_ttslÌ_genhet - Lilla Essingen, Stockholm - Hemnet;https://www.hemnet.se/salda/lagenhet-2rum-lilla-essingen-stockholms-kommun-primusgatan-51,-10tr-1269838;2005
Primusgatan 87, 3tr;72;13/10/20;5695000;6550000;4183;10400;90972;3 rum;Primusgatan 87, 3tr - SÌ´ld bostadsrÌ_ttslÌ_genhet - Lilla Essingen, Stockholm - Hemnet;https://www.hemnet.se/salda/lagenhet-3rum-lilla-essingen-stockholms-kommun-primusgatan-87,-3tr-1269243;2006
Essinge Brogata 5;66;09/10/20;3995000;5300000;3565;4860;80303;3 rum;Essinge Brogata 5 - SÌ´ld bostadsrÌ_ttslÌ_genhet - Lilla Essingen \\ Kungsholmen, Stockholm - Hemnet;https://www.hemnet.se/salda/lagenhet-3rum-lilla-essingen-kungsholmen-stockholms-kommun-essinge-brogata-5-1267597;1938
StrÌ´lgatan 8;83;07/10/20;6495000;7350000;5784;5900;88554;3 rum;StrÌ´lgatan 8 - SÌ´ld bostadsrÌ_ttslÌ_genhet - Lilla Essingen \\ Kungsholmen, Stockholm - Hemnet;https://www.hemnet.se/salda/lagenhet-3rum-lilla-essingen-kungsholmen-stockholms-kommun-stralgatan-8-1265850;1940
Primusgatan 86;63;07/10/20;5295000;5900000;3479;3400;93651;2 rum;Primusgatan 86 - SÌ´ld bostadsrÌ_ttslÌ_genhet - Lilla Essingen, STOCKHOLM - Hemnet;https://www.hemnet.se/salda/lagenhet-2rum-lilla-essingen-stockholms-kommun-primusgatan-86-1265837;2003
Primusgatan 91, 3 tr;62;06/10/20;4495000;4900000;3727;4400;79032;2 rum;Primusgatan 91, 3 tr - SÌ´ld bostadsrÌ_ttslÌ_genhet - Lilla Essingen - Kungsholmen, STOCKHOLM - Hemnet;https://www.hemnet.se/salda/lagenhet-2rum-lilla-essingen-kungsholmen-stockholms-kommun-primusgatan-91,-3-tr-1265312;2006
StrÌ´lgatan 21, 2 tr;28;06/10/20;2195000;2600000;2051;3800;92857;1,5 rum;StrÌ´lgatan 21, 2 tr  - SÌ´ld bostadsrÌ_ttslÌ_genhet - Lilla Essingen - Kungsholmen, Stockholm - Hemnet;https://www.hemnet.se/salda/lagenhet-1,5rum-lilla-essingen-kungsholmen-stockholms-kommun-stralgatan-21,-2-tr-1265281;1938
Essinge brogata 23;40;05/10/20;2795000;3300000;2435;4860;82500;2 rum;Essinge brogata 23 - SÌ´ld bostadsrÌ_ttslÌ_genhet - Lilla Essingen \\ Kungsholmen, Stockholm - Hemnet;https://www.hemnet.se/salda/lagenhet-2rum-lilla-essingen-kungsholmen-stockholms-kommun-essinge-brogata-23-1264014;1936
Essinge Brogata 39, vÌ´n 4/4;23;02/10/20;1950000;2162500;1888;3600;94022;1 rum;Essinge Brogata 39, vÌ´n 4/4 - SÌ´ld bostadsrÌ_ttslÌ_genhet - Lilla Essingen - Kungsholmen, Stockholm - Hemnet;https://www.hemnet.se/salda/lagenhet-1rum-lilla-essingen-kungsholmen-stockholms-kommun-essinge-brogata-39,-van-4-4-1263537;1938
Essinge Brogata 23;31;02/10/20;2395000;2900000;1867;4860;93548;1,5 rum;Essinge Brogata 23 - SÌ´ld bostadsrÌ_ttslÌ_genhet - Lilla Essingen \\ Kungsholmen, Stockholm - Hemnet;https://www.hemnet.se/salda/lagenhet-1,5rum-lilla-essingen-kungsholmen-stockholms-kommun-essinge-brogata-23-1263381;1936
Luxgatan 21, vÌ´n 5;58.5;02/10/20;3995000;4750000;3337;4860;81197;2 rum;Luxgatan 21, vÌ´n 5 - SÌ´ld bostadsrÌ_ttslÌ_genhet - Lilla Essingen \\ Kungsholmen, Stockholm - Hemnet;https://www.hemnet.se/salda/lagenhet-2rum-lilla-essingen-kungsholmen-stockholms-kommun-luxgatan-21,-van-5-1263288;2005
Primusgatan 78, 6tr;112.5;30/09/20;9995000;10500000;6015;6000;93333;4 rum;Primusgatan 78, 6tr - SÌ´ld bostadsrÌ_ttslÌ_genhet - Lilla Essingen, Stockholm - Hemnet;https://www.hemnet.se/salda/lagenhet-4rum-lilla-essingen-stockholms-kommun-primusgatan-78,-6tr-1261329;2004
Essinge Brogata 22;35;29/09/20;2595000;2910000;2579;3620;83143;2 rum;Essinge Brogata 22 - SÌ´ld bostadsrÌ_ttslÌ_genhet - Lilla Essingen \\ Kungsholmen, Stockholm - Hemnet;https://www.hemnet.se/salda/lagenhet-2rum-lilla-essingen-kungsholmen-stockholms-kommun-essinge-brogata-22-1260565;1939
Luxgatan 7;36;29/09/20;2875000;3450000;2091;;95833;1,5 rum;Luxgatan 7 - SÌ´ld bostadsrÌ_ttslÌ_genhet - Stockholm, Stockholm - Hemnet;https://www.hemnet.se/salda/lagenhet-1,5rum-stockholm-stockholms-kommun-luxgatan-7-1260498;1937
Primusgatan 91;62;29/09/20;5310000;5310000;3727;5900;85645;3 rum;Primusgatan 91 - SÌ´ld bostadsrÌ_ttslÌ_genhet - Lilla Essingen \\ Kungsholmen, Stockholm - Hemnet;https://www.hemnet.se/salda/lagenhet-3rum-lilla-essingen-kungsholmen-stockholms-kommun-primusgatan-91-1260394;2007
Primusgatan 96, 6tr;50;29/09/20;4595000;5100000;2936;4056;102000;2 rum;Primusgatan 96, 6tr - SÌ´ld bostadsrÌ_ttslÌ_genhet - Lilla Essingen - Kungsholmen, Stockholm - Hemnet;https://www.hemnet.se/salda/lagenhet-2rum-lilla-essingen-kungsholmen-stockholms-kommun-primusgatan-96,-6tr-1260288;2003
Primusgatan 54, 4tr;60;28/09/20;4495000;4775000;3594;6600;79583;3 rum;Primusgatan 54, 4tr - SÌ´ld bostadsrÌ_ttslÌ_genhet - Lilla Essingen, Stockholm - Hemnet;https://www.hemnet.se/salda/lagenhet-3rum-lilla-essingen-stockholms-kommun-primusgatan-54,-4tr-1259632;2005
Primusgatan 77, 6tr;64;25/09/20;6395000;6850000;3523;7800;107031;2 rum;Primusgatan 77, 6tr - SÌ´ld bostadsrÌ_ttslÌ_genhet - Lilla Essingen, Stockholm - Hemnet;https://www.hemnet.se/salda/lagenhet-2rum-lilla-essingen-stockholms-kommun-primusgatan-77,-6tr-1258634;2004
Primusgatan 64;78;24/09/20;5495000;5950000;4979;5900;76282;3 rum;Primusgatan 64 - SÌ´ld bostadsrÌ_ttslÌ_genhet - Lilla Essingen \\ Kungsholmen, Stockholm - Hemnet;https://www.hemnet.se/salda/lagenhet-3rum-lilla-essingen-kungsholmen-stockholms-kommun-primusgatan-64-1310422;2007
StrÌ´lgatan 19, 4 tr;33;23/09/20;2690000;3200000;1984;2880;96970;2 rum;StrÌ´lgatan 19, 4 tr - SÌ´ld bostadsrÌ_ttslÌ_genhet - Kungsholmen  - Lilla Essingen, Stockholm - Hemnet;https://www.hemnet.se/salda/lagenhet-2rum-kungsholmen-lilla-essingen-stockholms-kommun-stralgatan-19,-4-tr-1257144;1938
Disponentgatan 2, 4 tr;43;23/09/20;2995000;3650000;1892;;84884;2 rum;Disponentgatan 2, 4 tr - SÌ´ld bostadsrÌ_ttslÌ_genhet - Kungsholmen/Lilla Essingen, STOCKHOLM - Hemnet;https://www.hemnet.se/salda/lagenhet-2rum-kungsholmen-lilla-essingen-stockholms-kommun-disponentgatan-2,-4-tr-1256900;1937
Essinge Brogata 22, 1 tr;31;23/09/20;2345000;2675000;2288;6180;86290;2 rum;Essinge Brogata 22, 1 tr - SÌ´ld bostadsrÌ_ttslÌ_genhet - Lilla Essingen, Stockholm - Hemnet;https://www.hemnet.se/salda/lagenhet-2rum-lilla-essingen-stockholms-kommun-essinge-brogata-22,-1-tr-1256888;1938
StrÌ´lgatan 47, 2 tr;32;22/09/20;2495000;2710000;2829;6500;84688;1,5 rum;StrÌ´lgatan 47, 2 tr - SÌ´ld bostadsrÌ_ttslÌ_genhet - Lilla Essingen - Kungsholmen, Stockholm - Hemnet;https://www.hemnet.se/salda/lagenhet-1,5rum-lilla-essingen-kungsholmen-stockholms-kommun-stralgatan-47,-2-tr-1256327;1939
Primusgatan 96, 6tr;86.5;19/09/20;8900000;8600000;4376;7200;99422;3 rum;Primusgatan 96, 6tr - SÌ´ld bostadsrÌ_ttslÌ_genhet - Lilla Essingen, Stockholm - Hemnet;https://www.hemnet.se/salda/lagenhet-3rum-lilla-essingen-stockholms-kommun-primusgatan-96,-6tr-1254908;2003
Primusgatan 96;50;18/09/20;4295000;4700000;2955;4056;94000;2 rum;Primusgatan 96 - SÌ´ld bostadsrÌ_ttslÌ_genhet - Lilla Essingen - Kungsholmen, Stockholm - Hemnet;https://www.hemnet.se/salda/lagenhet-2rum-lilla-essingen-kungsholmen-stockholms-kommun-primusgatan-96,-2tr-1253907;2003
Essinge Brogata 22, 2 tr;24;18/09/20;1895000;2175000;1777;;90625;1 rum;Essinge Brogata 22, 2 tr - SÌ´ld bostadsrÌ_ttslÌ_genhet - Kungsholmen - Lilla Essingen, Stockholm - Hemnet;https://www.hemnet.se/salda/lagenhet-1rum-kungsholmen-lilla-essingen-stockholms-kommun-essinge-brogata-22,-2-tr-1253828;1938
Essinge brogata 3;90;17/09/20;5800000;6200000;4314;7500;68889;3 rum;Essinge brogata 3 - SÌ´ld bostadsrÌ_ttslÌ_genhet - Lilla Essingen - Kungsholmen, Stockholm - Hemnet;https://www.hemnet.se/salda/lagenhet-3rum-lilla-essingen-kungsholmen-stockholms-kommun-essinge-brogata-3-1253646;1938
Primusgatan 51;60;17/09/20;5025000;5025000;3594;5200;83750;3 rum;Primusgatan 51 - SÌ´ld bostadsrÌ_ttslÌ_genhet - Kungsholmen / Lilla Essingen, STOCKHOLM - Hemnet;https://www.hemnet.se/salda/lagenhet-3rum-kungsholmen-lilla-essingen-stockholms-kommun-primusgatan-51-1273478;2004
StrÌ´lgatan 21;39;17/09/20;2595000;2595000;2735;;66538;2 rum;StrÌ´lgatan 21 - SÌ´ld bostadsrÌ_ttslÌ_genhet - Lilla Essingen - Kungsholmen, Stockholm - Hemnet;https://www.hemnet.se/salda/lagenhet-2rum-lilla-essingen-kungsholmen-stockholms-kommun-stralgatan-21-1253507;
Disponentgatan 1;35;16/09/20;2795000;3100000;2435;;88571;2 rum;Disponentgatan 1 - SÌ´ld bostadsrÌ_ttslÌ_genhet - Lilla Essingen - Kungsholmen, STOCKHOLM - Hemnet;https://www.hemnet.se/salda/lagenhet-2rum-lilla-essingen-kungsholmen-stockholms-kommun-disponentgatan-1-1252718;1935
Primusgatan 110, 5tr;135;15/09/20;13950000;15000000;7368;7800;111111;3 rum;Primusgatan 110, 5tr - SÌ´ld bostadsrÌ_ttslÌ_genhet - Lilla Essingen, Stockholm - Hemnet;https://www.hemnet.se/salda/lagenhet-3rum-lilla-essingen-stockholms-kommun-primusgatan-110,-5tr-1251966;1935
Primusgatan 62, 7 TR;69;15/09/20;4590000;5075000;4507;4100;73551;3 rum;Primusgatan 62, 7 TR - SÌ´ld bostadsrÌ_ttslÌ_genhet - Lilla Essingen, Stockholm - Hemnet;https://www.hemnet.se/salda/lagenhet-3rum-lilla-essingen-stockholms-kommun-primusgatan-62,-7-tr-1251663;2007
Essinge Brogata 10, 3tr;39;14/09/20;2995000;3320000;2381;5500;85128;2 rum;Essinge Brogata 10, 3tr - SÌ´ld bostadsrÌ_ttslÌ_genhet - Lilla Essingen, Stockholm - Hemnet;https://www.hemnet.se/salda/lagenhet-2rum-lilla-essingen-stockholms-kommun-essinge-brogata-10,-3tr-1250916;1932
Primusgatan 84;102;12/09/20;7850000;8300000;5597;;81373;4 rum;Primusgatan 84 - SÌ´ld bostadsrÌ_ttslÌ_genhet - Kungsholmen / Lilla Essingen, Stockholm - Hemnet;https://www.hemnet.se/salda/lagenhet-4rum-kungsholmen-lilla-essingen-stockholms-kommun-primusgatan-84-1273482;2004
Essinge Brogata 27, 4 tr;41;11/09/20;2995000;3250000;2461;5200;79268;2 rum;Essinge Brogata 27, 4 tr - SÌ´ld bostadsrÌ_ttslÌ_genhet - Lilla Essingen, Stockholm - Hemnet;https://www.hemnet.se/salda/lagenhet-2rum-lilla-essingen-stockholms-kommun-essinge-brogata-27,-4-tr-1249314;1938
Essinge Brogata 10, 4 tr;39;10/09/20;2995000;3365000;2403;;86282;2 rum;Essinge Brogata 10, 4 tr - SÌ´ld bostadsrÌ_ttslÌ_genhet - Kungsholmen Lilla Essingen, STOCKHOLM - Hemnet;https://www.hemnet.se/salda/lagenhet-2rum-kungsholmen-lilla-essingen-stockholms-kommun-essinge-brogata-10,-4-tr-1248680;1932
Primusgatan 106, 4tr;97.5;10/09/20;9495000;9520000;5697;5600;97641;3 rum;Primusgatan 106, 4tr - SÌ´ld bostadsrÌ_ttslÌ_genhet - Lilla Essingen, Stockholm - Hemnet;https://www.hemnet.se/salda/lagenhet-3rum-lilla-essingen-stockholms-kommun-primusgatan-106,-4tr-1248755;1935
Essinge Brogata 15, 2tr;37;10/09/20;2595000;2920000;1847;1100;78919;2 rum;Essinge Brogata 15, 2tr - SÌ´ld bostadsrÌ_ttslÌ_genhet - Lilla Essingen, Stockholm - Hemnet;https://www.hemnet.se/salda/lagenhet-2rum-lilla-essingen-stockholms-kommun-essinge-brogata-15,-2tr-1248623;1939
Primusgatan 78, 2tr;79.5;10/09/20;6495000;6525000;4635;7800;82075;3 rum;Primusgatan 78, 2tr - SÌ´ld bostadsrÌ_ttslÌ_genhet - Lilla Essingen, Stockholm - Hemnet;https://www.hemnet.se/salda/lagenhet-3rum-lilla-essingen-stockholms-kommun-primusgatan-78,-2tr-1248274;2004
Primusgatan 69;78;09/09/20;5795000;6350000;4684;5900;81410;4 rum;Primusgatan 69 - SÌ´ld bostadsrÌ_ttslÌ_genhet - Lilla Essingen \\ Kungsholmen, Stockholm - Hemnet;https://www.hemnet.se/salda/lagenhet-4rum-lilla-essingen-kungsholmen-stockholms-kommun-primusgatan-69-1247957;2004
Primusgatan 53;46;09/09/20;3800000;3950000;2921;4860;85870;2 rum;Primusgatan 53 - SÌ´ld bostadsrÌ_ttslÌ_genhet - Lilla Essingen \\ Kungsholmen, Stockholm - Hemnet;https://www.hemnet.se/salda/lagenhet-2rum-lilla-essingen-kungsholmen-stockholms-kommun-primusgatan-53-1247417;2004
StrÌ´lgatan 29;64;07/09/20;4150000;4450000;2917;;69531;2 rum;StrÌ´lgatan 29 - SÌ´ld bostadsrÌ_ttslÌ_genhet - Kungsholmen - Lilla Essingen, STOCKHOLM - Hemnet;https://www.hemnet.se/salda/lagenhet-2rum-kungsholmen-lilla-essingen-stockholms-kommun-stralgatan-29-1246375;1939
StrÌ´lgatan 19;58;04/09/20;4495000;5000000;3544;11020;86207;2,5 rum;StrÌ´lgatan 19 - SÌ´ld bostadsrÌ_ttslÌ_genhet - Lilla Essingen - Kungsholmen, Stockholm - Hemnet;https://www.hemnet.se/salda/lagenhet-2,5rum-lilla-essingen-kungsholmen-stockholms-kommun-stralgatan-19-1245398;1938
Primusgatan 70;75;04/09/20;6995000;7350000;4376;4600;98000;3 rum;Primusgatan 70 - SÌ´ld bostadsrÌ_ttslÌ_genhet - Lilla Essingen - Kungsholmen, Stockholm - Hemnet;https://www.hemnet.se/salda/lagenhet-3rum-lilla-essingen-kungsholmen-stockholms-kommun-primusgatan-70-1245403;2004
Essinge Brogata 8;34;03/09/20;2395000;2700000;1565;6100;79412;1,5 rum;Essinge Brogata 8 - SÌ´ld bostadsrÌ_ttslÌ_genhet - Lilla Essingen - Kungsholmen, Stockholm - Hemnet;https://www.hemnet.se/salda/lagenhet-1,5rum-lilla-essingen-kungsholmen-stockholms-kommun-essinge-brogata-8-1244365;1931
StrÌ´lgatan 19;40;31/08/20;2795000;3330000;2464;5300;83250;2 rum;StrÌ´lgatan 19 - SÌ´ld bostadsrÌ_ttslÌ_genhet - Lilla Essingen \\ Kungsholmen, Stockholm - Hemnet;https://www.hemnet.se/salda/lagenhet-2rum-lilla-essingen-kungsholmen-stockholms-kommun-stralgatan-19-1241935;1938
Essinge Brogata 15;56;27/08/20;3895000;4350000;2795;5900;77679;3 rum;Essinge Brogata 15 - SÌ´ld bostadsrÌ_ttslÌ_genhet - Lilla Essingen \\ Kungsholmen, Stockholm - Hemnet;https://www.hemnet.se/salda/lagenhet-3rum-lilla-essingen-kungsholmen-stockholms-kommun-essinge-brogata-15-1310427;1939
Essinge Brogata 18;35.5;27/08/20;2495000;3100000;2013;3300;87324;2 rum;Essinge Brogata 18 - SÌ´ld bostadsrÌ_ttslÌ_genhet - Lilla Essingen \\ Kungsholmen, Stockholm - Hemnet;https://www.hemnet.se/salda/lagenhet-2rum-lilla-essingen-kungsholmen-stockholms-kommun-essinge-brogata-18-1239533;1939
Essinge Brogata 5;33;27/08/20;2495000;2600000;1904;4900;78788;2 rum;Essinge Brogata 5 - SÌ´ld bostadsrÌ_ttslÌ_genhet - Lilla Essinge, Stockholm - Hemnet;https://www.hemnet.se/salda/lagenhet-2rum-lilla-essinge-stockholms-kommun-essinge-brogata-5-1239204;1938
StrÌ´lgatan 29. 4tr;52;27/08/20;2995000;3650000;2475;3900;70192;2 rum;StrÌ´lgatan 29. 4tr - SÌ´ld bostadsrÌ_ttslÌ_genhet - Lilla Essingen / Kungsholmen, Stockholm - Hemnet;https://www.hemnet.se/salda/lagenhet-2rum-lilla-essingen-kungsholmen-stockholms-kommun-stralgatan-29,-4tr-1239010;1939
StrÌ´lgatan 45;66;26/08/20;4995000;5350000;3049;;81061;3 rum;StrÌ´lgatan 45 - SÌ´ld bostadsrÌ_ttslÌ_genhet - Lilla Essingen, Stockholm - Hemnet;https://www.hemnet.se/salda/lagenhet-3rum-lilla-essingen-stockholms-kommun-stralgatan-45-1239346;1939
Essinge Brogata 18, 1tr;37;26/08/20;2495000;2925000;2099;4500;79054;2 rum;Essinge Brogata 18, 1tr - SÌ´ld bostadsrÌ_ttslÌ_genhet - Lilla Essingen, Stockholm - Hemnet;https://www.hemnet.se/salda/lagenhet-2rum-lilla-essingen-stockholms-kommun-essinge-brogata-18,-1tr-1239089;
Essinge Brogata 39;33;25/08/20;2495000;2900000;2548;3480;87879;1,5 rum;Essinge Brogata 39 - SÌ´ld bostadsrÌ_ttslÌ_genhet - Lilla Essingen \\ Kungsholmen, Stockholm - Hemnet;https://www.hemnet.se/salda/lagenhet-1,5rum-lilla-essingen-kungsholmen-stockholms-kommun-essinge-brogata-39-1237831;1938
Luxgatan 7, 1,5 tr;22;25/08/20;2195000;2460000;1282;3480;111818;1 rum;Luxgatan 7, 1,5 tr - SÌ´ld bostadsrÌ_ttslÌ_genhet - STOCKHOLM - Hemnet;https://www.hemnet.se/salda/lagenhet-1rum-stockholms-kommun-luxgatan-7,-1,5-tr-1237454;1937
Patentgatan 1, 5tr;117;21/08/20;9495000;10550000;5617;7800;90171;4 rum;Patentgatan 1, 5tr - SÌ´ld bostadsrÌ_ttslÌ_genhet - Lilla Essingen, Stockholm - Hemnet;https://www.hemnet.se/salda/lagenhet-4rum-lilla-essingen-stockholms-kommun-patentgatan-1,-5tr-1236388;2006
Primusgatan 100, 6tr;90;20/08/20;9495000;9900000;5345;7200;110000;3 rum;Primusgatan 100, 6tr - SÌ´ld bostadsrÌ_ttslÌ_genhet - Lilla Essingen, Stockholm - Hemnet;https://www.hemnet.se/salda/lagenhet-3rum-lilla-essingen-stockholms-kommun-primusgatan-100,-6tr-1234793;1935
Primusgatan 78;79.5;19/08/20;5795000;6520000;4635;5900;82013;3 rum;Primusgatan 78 - SÌ´ld bostadsrÌ_ttslÌ_genhet - Lilla Essingen \\ Kungsholmen, Stockholm - Hemnet;https://www.hemnet.se/salda/lagenhet-3rum-lilla-essingen-kungsholmen-stockholms-kommun-primusgatan-78-1234311;2004
Primusgatan 54;60;19/08/20;4250000;4820000;3594;5200;80333;3 rum;Primusgatan 54 - SÌ´ld bostadsrÌ_ttslÌ_genhet - Kungsholmen / Lilla Essingen, Stockholm - Hemnet;https://www.hemnet.se/salda/lagenhet-3rum-kungsholmen-lilla-essingen-stockholms-kommun-primusgatan-54-1234105;2004
Essinge Brogata 12, 2tr;37.5;19/08/20;2890000;3300000;2398;4000;88000;2 rum;Essinge Brogata 12, 2tr - SÌ´ld bostadsrÌ_ttslÌ_genhet - Lilla Essingen, Stockholm - Hemnet;https://www.hemnet.se/salda/lagenhet-2rum-lilla-essingen-stockholms-kommun-essinge-brogata-12,-2tr-1234620;1934
StrÌ´lgatan 35, vÌ´n 4 / 4;33;18/08/20;2795000;3050000;1982;4000;92424;2 rum;StrÌ´lgatan 35, vÌ´n 4 / 4 - SÌ´ld bostadsrÌ_ttslÌ_genhet - Lilla Essingen - Kungsholmen, Stockholm - Hemnet;https://www.hemnet.se/salda/lagenhet-2rum-lilla-essingen-kungsholmen-stockholms-kommun-stralgatan-35,-van-4-4-1233703;1938
StrÌ´lgatan 8, 1tr;54;18/08/20;3495000;3700000;3763;4500;68519;2 rum;StrÌ´lgatan 8, 1tr - SÌ´ld bostadsrÌ_ttslÌ_genhet - Lilla Essingen - Kungsholmen, STOCKHOLM - Hemnet;https://www.hemnet.se/salda/lagenhet-2rum-lilla-essingen-kungsholmen-stockholms-kommun-stralgatan-8,-1tr-1233625;1938
Essinge Brogata 39;34;16/08/20;2395000;2700000;2599;5000;79412;1,5 rum;Essinge Brogata 39 - SÌ´ld bostadsrÌ_ttslÌ_genhet - Lilla Essingen - Kungsholmen, Stockholm - Hemnet;https://www.hemnet.se/salda/lagenhet-1,5rum-lilla-essingen-kungsholmen-stockholms-kommun-essinge-brogata-39-1232572;1938
Essinge Brogata 19, 5tr;32;14/08/20;2450000;2700000;1831;;84375;1,5 rum;Essinge Brogata 19, 5tr - SÌ´ld bostadsrÌ_ttslÌ_genhet - Kungsholmen, STOCKHOLM - Hemnet;https://www.hemnet.se/salda/lagenhet-1,5rum-kungsholmen-stockholms-kommun-essinge-brogata-19,-5tr-1231721;1938
Luxgatan 37;45;13/08/20;2995000;3325000;2883;;73889;2 rum;Luxgatan 37 - SÌ´ld bostadsrÌ_ttslÌ_genhet - Stockholm - Hemnet;https://www.hemnet.se/salda/lagenhet-2rum-stockholms-kommun-luxgatan-37-1231535;2006
StrÌ´lgatan 35, 1 tr;48;12/08/20;3250000;3700000;2755;5360;77083;2 rum;StrÌ´lgatan 35, 1 tr - SÌ´ld bostadsrÌ_ttslÌ_genhet - Stockholm - Hemnet;https://www.hemnet.se/salda/lagenhet-2rum-stockholms-kommun-stralgatan-35,-1-tr-1230561;1939
StrÌ´lgatan 21, 3tr;24;11/08/20;1995000;2550000;1803;;106250;1 rum;StrÌ´lgatan 21, 3tr - SÌ´ld bostadsrÌ_ttslÌ_genhet - Kungsholmen - Lilla Essingen, Stockholm - Hemnet;https://www.hemnet.se/salda/lagenhet-1rum-kungsholmen-lilla-essingen-stockholms-kommun-stralgatan-21,-3tr-1229765;1938
StrÌ´lgatan 12, 2tr;37;11/08/20;2750000;3150000;1753;6000;85135;2 rum;StrÌ´lgatan 12, 2tr - SÌ´ld bostadsrÌ_ttslÌ_genhet - Lilla Essingen, Stockholm - Hemnet;https://www.hemnet.se/salda/lagenhet-2rum-lilla-essingen-stockholms-kommun-stralgatan-12,-2tr-1230103;1938
StrÌ´lgatan 21;39;07/08/20;2495000;2650000;2735;4860;67949;2 rum;StrÌ´lgatan 21 - SÌ´ld bostadsrÌ_ttslÌ_genhet - Lilla Essingen \\ Kungsholmen, Stockholm - Hemnet;https://www.hemnet.se/salda/lagenhet-2rum-lilla-essingen-kungsholmen-stockholms-kommun-stralgatan-21-1228644;1939
Primusgatan 62, vÌ´n 5;69;07/08/20;4995000;5200000;4507;;75362;3 rum;Primusgatan 62, vÌ´n 5 - SÌ´ld bostadsrÌ_ttslÌ_genhet - Kungsholmen Lilla Essingen, Stockholm - Hemnet;https://www.hemnet.se/salda/lagenhet-3rum-kungsholmen-lilla-essingen-stockholms-kommun-primusgatan-62,-van-5-1228384;2007
Luxgatan 6, 4tr;28;07/08/20;2495000;2725000;1370;2400;97321;1 rum;Luxgatan 6, 4tr - SÌ´ld bostadsrÌ_ttslÌ_genhet - Kungsholmen / Lilla Essingen, Stockholm - Hemnet;https://www.hemnet.se/salda/lagenhet-1rum-kungsholmen-lilla-essingen-stockholms-kommun-luxgatan-6,-4tr-1228693;1930
StrÌ´lgatan 35, 4 tr;25;06/08/20;2150000;2380000;1528;3000;95200;1 rum;StrÌ´lgatan 35, 4 tr - SÌ´ld bostadsrÌ_ttslÌ_genhet - Kungsholmen - Lilla Essingen, STOCKHOLM - Hemnet;https://www.hemnet.se/salda/lagenhet-1rum-kungsholmen-lilla-essingen-stockholms-kommun-stralgatan-35,-4-tr-1227950;1939
Luxgatan 7, vÌ´n 3/3;45;28/07/20;3395000;4105000;2622;3480;91222;2 rum;Luxgatan 7, vÌ´n 3/3 - SÌ´ld bostadsrÌ_ttslÌ_genhet - Lilla Essingen \\ Kungsholmen, Stockholm - Hemnet;https://www.hemnet.se/salda/lagenhet-2rum-lilla-essingen-kungsholmen-stockholms-kommun-luxgatan-7,-van-3-3-1224581;1937
StrÌ´lgatan 19, 4 tr;22;23/07/20;1995000;2810000;1383;2500;127727;1 rum;StrÌ´lgatan 19, 4 tr - SÌ´ld bostadsrÌ_ttslÌ_genhet - Kungsholmen Lilla Essingen, Stockholm - Hemnet;https://www.hemnet.se/salda/lagenhet-1rum-kungsholmen-lilla-essingen-stockholms-kommun-stralgatan-19,-4-tr-1223060;1938
Essinge Brogata 19;42;21/07/20;2895000;3275000;2356;8000;77976;2 rum;Essinge Brogata 19 - SÌ´ld bostadsrÌ_ttslÌ_genhet - Lilla Essingen \\ Kungsholmen, Stockholm - Hemnet;https://www.hemnet.se/salda/lagenhet-2rum-lilla-essingen-kungsholmen-stockholms-kommun-essinge-brogata-19-1222237;1938
Primusgatan 81;76.5;17/07/20;6300000;6300000;4037;4860;82353;3 rum;Primusgatan 81 - SÌ´ld bostadsrÌ_ttslÌ_genhet - Lilla Essingen \\ Kungsholmen, Stockholm - Hemnet;https://www.hemnet.se/salda/lagenhet-3rum-lilla-essingen-kungsholmen-stockholms-kommun-primusgatan-81-1220939;2004
Luxgatan 25, 5tr;62;15/07/20;4395000;4600000;3727;6700;74194;2 rum;Luxgatan 25, 5tr - SÌ´ld bostadsrÌ_ttslÌ_genhet - Lilla Essingen, Stockholm - Hemnet;https://www.hemnet.se/salda/lagenhet-2rum-lilla-essingen-stockholms-kommun-luxgatan-25,-5tr-1219841;2006
StrÌ´lgatan 23, 2tr;40;14/07/20;2795000;3000000;2797;5500;75000;2 rum;StrÌ´lgatan 23, 2tr - SÌ´ld bostadsrÌ_ttslÌ_genhet - Lilla Essingen, Stockholm - Hemnet;https://www.hemnet.se/salda/lagenhet-2rum-lilla-essingen-stockholms-kommun-stralgatan-23,-2tr-1219471;1939
Primusgatan 96, 7tr;91.5;14/07/20;8800000;8950000;4552;8100;97814;3 rum;Primusgatan 96, 7tr - SÌ´ld bostadsrÌ_ttslÌ_genhet - Lilla Essingen, Stockholm - Hemnet;https://www.hemnet.se/salda/lagenhet-3rum-lilla-essingen-stockholms-kommun-primusgatan-96,-7tr-1219415;2003
Primusgatan 86, vÌ´n 5;63;13/07/20;4795000;5080000;3479;3620;80635;2 rum;Primusgatan 86, vÌ´n 5 - SÌ´ld bostadsrÌ_ttslÌ_genhet - Lilla Essingen \\ Kungsholmen, Stockholm - Hemnet;https://www.hemnet.se/salda/lagenhet-2rum-lilla-essingen-kungsholmen-stockholms-kommun-primusgatan-86,-van-5-1219001;2003
StrÌ´lgatan 23;40;11/07/20;3150000;3150000;2798;7720;78750;2 rum;StrÌ´lgatan 23 - SÌ´ld bostadsrÌ_ttslÌ_genhet - Lilla Essingen - Kungsholmen, Stockholm - Hemnet;https://www.hemnet.se/salda/lagenhet-2rum-lilla-essingen-kungsholmen-stockholms-kommun-stralgatan-23-1218588;1939
Essinge Brogata 22;31;09/07/20;2495000;2700000;2288;4100;87097;1,5 rum;Essinge Brogata 22 - SÌ´ld bostadsrÌ_ttslÌ_genhet - Lilla Essingen, Stockholm - Hemnet;https://www.hemnet.se/salda/lagenhet-1,5rum-lilla-essingen-stockholms-kommun-essinge-brogata-22-1217516;1938
Luxgatan 7, 1tr;36;08/07/20;2890000;3300000;2091;5500;91667;1,5 rum;Luxgatan 7, 1tr - SÌ´ld bostadsrÌ_ttslÌ_genhet - Kungsholmen / Lilla Essingen, Stockholm - Hemnet;https://www.hemnet.se/salda/lagenhet-1,5rum-kungsholmen-lilla-essingen-stockholms-kommun-luxgatan-7,-1tr-1217196;1937
StrÌ´lgatan 12, 5tr;43;08/07/20;3195000;3350000;2127;;77907;2 rum;StrÌ´lgatan 12, 5tr - SÌ´ld bostadsrÌ_ttslÌ_genhet - Lilla Essingen, Stockholm - Hemnet;https://www.hemnet.se/salda/lagenhet-2rum-lilla-essingen-stockholms-kommun-stralgatan-12,-5tr-1216941;1938
StrÌ´lgatan 23, EP;32;07/07/20;2295000;2600000;2251;4500;81250;2 rum;StrÌ´lgatan 23, EP - SÌ´ld bostadsrÌ_ttslÌ_genhet - Kungsholmen - Lilla Essingen, Stockholm - Hemnet;https://www.hemnet.se/salda/lagenhet-2rum-kungsholmen-lilla-essingen-stockholms-kommun-stralgatan-23,-ep-1216533;1939
Primusgatan 86, vÌ´n 3;50;03/07/20;3495000;3870000;2955;3620;77400;2 rum;Primusgatan 86, vÌ´n 3 - SÌ´ld bostadsrÌ_ttslÌ_genhet - Lilla Essingen \\ Kungsholmen, Stockholm - Hemnet;https://www.hemnet.se/salda/lagenhet-2rum-lilla-essingen-kungsholmen-stockholms-kommun-primusgatan-86,-van-3-1214833;2003
Primusgatan 78, 1tr;46;02/07/20;3295000;3550000;3076;;77174;2 rum;Primusgatan 78, 1tr - SÌ´ld bostadsrÌ_ttslÌ_genhet - Lilla Essingen, Stockholm - Hemnet;https://www.hemnet.se/salda/lagenhet-2rum-lilla-essingen-stockholms-kommun-primusgatan-78,-1tr-1213818;
Primusgatan 87;51;01/07/20;3295000;3670000;3309;4860;71961;2 rum;Primusgatan 87 - SÌ´ld bostadsrÌ_ttslÌ_genhet - Lilla Essingen \\ Kungsholmen, Stockholm - Hemnet;https://www.hemnet.se/salda/lagenhet-2rum-lilla-essingen-kungsholmen-stockholms-kommun-primusgatan-87-1213050;2007
StrÌ´lgatan 21;49;30/06/20;3490000;3800000;3357;;77551;2 rum;StrÌ´lgatan 21 - SÌ´ld bostadsrÌ_ttslÌ_genhet - Lilla Essingen - Kungsholmen, STOCKHOLM - Hemnet;https://www.hemnet.se/salda/lagenhet-2rum-lilla-essingen-kungsholmen-stockholms-kommun-stralgatan-21-1212282;
Primusgatan 60, 4tr;78;30/06/20;6495000;6510000;4979;7500;83462;4 rum;Primusgatan 60, 4tr - SÌ´ld bostadsrÌ_ttslÌ_genhet - Lilla Essingen, Stockholm - Hemnet;https://www.hemnet.se/salda/lagenhet-4rum-lilla-essingen-stockholms-kommun-primusgatan-60,-4tr-1212570;2005
StrÌ´lgatan 19;40;26/06/20;2695000;3100000;2464;3000;77500;2 rum;StrÌ´lgatan 19 - SÌ´ld bostadsrÌ_ttslÌ_genhet - Kungsholmen - Lilla Essingen, Stockholm - Hemnet;https://www.hemnet.se/salda/lagenhet-2rum-kungsholmen-lilla-essingen-stockholms-kommun-stralgatan-19-1211244;1938
Primusgatan 70, 2tr;72.5;19/06/20;5995000;5950000;4279;;82069;3 rum;Primusgatan 70, 2tr - SÌ´ld bostadsrÌ_ttslÌ_genhet - Lilla Essingen, Stockholm - Hemnet;https://www.hemnet.se/salda/lagenhet-3rum-lilla-essingen-stockholms-kommun-primusgatan-70,-2tr-1209069;2004
Luxgatan 9;40;18/06/20;3195000;3800000;1891;;95000;2 rum;Luxgatan 9 - SÌ´ld bostadsrÌ_ttslÌ_genhet - Lilla Essingen - Kungsholmen, Stockholm - Hemnet;https://www.hemnet.se/salda/lagenhet-2rum-lilla-essingen-kungsholmen-stockholms-kommun-luxgatan-9-1207409;1935
StrÌ´lgatan 12, 2tr;64;18/06/20;3995000;3995000;3080;4500;62422;3 rum;StrÌ´lgatan 12, 2tr - SÌ´ld bostadsrÌ_ttslÌ_genhet - Lilla Essingen - Kungsholmen, Stockholm - Hemnet;https://www.hemnet.se/salda/lagenhet-3rum-lilla-essingen-kungsholmen-stockholms-kommun-stralgatan-12,-2tr-1207361;
Essinge Brogata 8;34;17/06/20;2395000;2840000;1611;;83529;1 rum;Essinge Brogata 8 - SÌ´ld bostadsrÌ_ttslÌ_genhet - Lilla Essingen - Kungsholmen, Stockholm - Hemnet;https://www.hemnet.se/salda/lagenhet-1rum-lilla-essingen-kungsholmen-stockholms-kommun-essinge-brogata-8-1206354;1931
Luxgatan 23, 5tr;76.5;16/06/20;5895000;5675000;4046;7800;74183;3 rum;Luxgatan 23, 5tr - SÌ´ld bostadsrÌ_ttslÌ_genhet - Lilla Essingen, Stockholm - Hemnet;https://www.hemnet.se/salda/lagenhet-3rum-lilla-essingen-stockholms-kommun-luxgatan-23,-5tr-1204989;2006
Primusgatan 98, vÌ´n 4;70.5;13/06/20;5695000;6400000;3744;5900;90780;2 rum;Primusgatan 98, vÌ´n 4 - SÌ´ld bostadsrÌ_ttslÌ_genhet - Lilla Essingen \\ Kungsholmen, Stockholm - Hemnet;https://www.hemnet.se/salda/lagenhet-2rum-lilla-essingen-kungsholmen-stockholms-kommun-primusgatan-98,-van-4-1203694;2003
Primusgatan 52, 5tr;63;13/06/20;4195000;4150000;3706;7000;65873;2 rum;Primusgatan 52, 5tr - SÌ´ld bostadsrÌ_ttslÌ_genhet - Lilla Essingen, Stockholm - Hemnet;https://www.hemnet.se/salda/lagenhet-2rum-lilla-essingen-stockholms-kommun-primusgatan-52,-5tr-1203651;2005
Essinge Brogata 12, 4 tr;37;12/06/20;2795000;3025000;2366;4100;81757;2 rum;Essinge Brogata 12, 4 tr - SÌ´ld bostadsrÌ_ttslÌ_genhet - Lilla Essingen - Kungsholmen, Stockholm - Hemnet;https://www.hemnet.se/salda/lagenhet-2rum-lilla-essingen-kungsholmen-stockholms-kommun-essinge-brogata-12,-4-tr-1203368;1938
Primusgatan 58, 7tr;69;11/06/20;5495000;5400000;4507;5300;78261;2 rum;Primusgatan 58, 7tr - SÌ´ld bostadsrÌ_ttslÌ_genhet - Lilla Essingen, Stockholm - Hemnet;https://www.hemnet.se/salda/lagenhet-2rum-lilla-essingen-stockholms-kommun-primusgatan-58,-7tr-1202053;2007
Essinge Brogata 5, 2tr;33;10/06/20;2495000;2830000;1965;5340;85758;2 rum;Essinge Brogata 5, 2tr - SÌ´ld bostadsrÌ_ttslÌ_genhet - Lilla Essingen / Kungsholmen, Stockholm - Hemnet;https://www.hemnet.se/salda/lagenhet-2rum-lilla-essingen-kungsholmen-stockholms-kommun-essinge-brogata-5,-2tr-1201244;
Primusgatan 106, 2tr;49.5;10/06/20;4450000;5010000;3569;4800;101212;2 rum;Primusgatan 106, 2tr - SÌ´ld bostadsrÌ_ttslÌ_genhet - Lilla Essingen, Stockholm - Hemnet;https://www.hemnet.se/salda/lagenhet-2rum-lilla-essingen-stockholms-kommun-primusgatan-106,-2tr-1201635;1935
Luxgatan 11;81;08/06/20;6950000;7000000;4428;7000;86420;3 rum;Luxgatan 11 - SÌ´ld bostadsrÌ_ttslÌ_genhet - Lilla Essingen, STOCKHOLM - Hemnet;https://www.hemnet.se/salda/lagenhet-3rum-lilla-essingen-stockholms-kommun-luxgatan-11-1199704;1936
Essinge Brogata 22;45;03/06/20;2900000;2850000;3309;9100;63333;2 rum;Essinge Brogata 22 - SÌ´ld bostadsrÌ_ttslÌ_genhet - Lilla Essingen - Kungsholmen, Stockholm - Hemnet;https://www.hemnet.se/salda/lagenhet-2rum-lilla-essingen-kungsholmen-stockholms-kommun-essinge-brogata-22-1197349;1938
StrÌ´lgatan 33, vÌ´n 3/3;40;03/06/20;2895000;3260000;2468;4860;81500;2 rum;StrÌ´lgatan 33, vÌ´n 3/3 - SÌ´ld bostadsrÌ_ttslÌ_genhet - Lilla Essingen \\ Kungsholmen, Stockholm - Hemnet;https://www.hemnet.se/salda/lagenhet-2rum-lilla-essingen-kungsholmen-stockholms-kommun-stralgatan-33,-van-3-3-1197196;1939
Luxgatan 37;45;02/06/20;3195000;3325000;2883;4860;73889;2 rum;Luxgatan 37 - SÌ´ld bostadsrÌ_ttslÌ_genhet - Lilla Essingen \\ Kungsholmen, STOCKHOLM - Hemnet;https://www.hemnet.se/salda/lagenhet-2rum-lilla-essingen-kungsholmen-stockholms-kommun-luxgatan-37-1196258;2006
Luxgatan 37, vÌ´n 9  & 10;106;30/05/20;6495000;6870000;5277;5900;64811;3 rum;Luxgatan 37, vÌ´n 9  & 10 - SÌ´ld bostadsrÌ_ttslÌ_genhet - Lilla Essingen \\ Kungsholmen, Stockholm - Hemnet;https://www.hemnet.se/salda/lagenhet-3rum-lilla-essingen-kungsholmen-stockholms-kommun-luxgatan-37,-van-9-10-1195083;2006
Luxgatan 19, vÌ´n 5/5;58.5;29/05/20;4295000;4800000;3337;4860;82051;2 rum;Luxgatan 19, vÌ´n 5/5 - SÌ´ld bostadsrÌ_ttslÌ_genhet - Lilla Essingen \\ Kungsholmen, Stockholm - Hemnet;https://www.hemnet.se/salda/lagenhet-2rum-lilla-essingen-kungsholmen-stockholms-kommun-luxgatan-19,-van-5-5-1194385;2005
Essinge Brogata 3, 4 tr;44;29/05/20;3050000;3400000;2543;6000;77273;2 rum;Essinge Brogata 3, 4 tr - SÌ´ld bostadsrÌ_ttslÌ_genhet - Lilla Essingen, Stockholm - Hemnet;https://www.hemnet.se/salda/lagenhet-2rum-lilla-essingen-stockholms-kommun-essinge-brogata-3,-4-tr-1194928;1938
StrÌ´lgatan 23, 1tr;35;29/05/20;2595000;2685000;2486;6000;76714;2 rum;StrÌ´lgatan 23, 1tr - SÌ´ld bostadsrÌ_ttslÌ_genhet - Lilla Essingen, Stockholm - Hemnet;https://www.hemnet.se/salda/lagenhet-2rum-lilla-essingen-stockholms-kommun-stralgatan-23,-1tr-1194224;1939
Primusgatan 74, 1tr;68.5;28/05/20;4895000;5250000;4121;7800;76642;2,5 rum;Primusgatan 74, 1tr - SÌ´ld bostadsrÌ_ttslÌ_genhet - Lilla Essingen, Stockholm - Hemnet;https://www.hemnet.se/salda/lagenhet-2,5rum-lilla-essingen-stockholms-kommun-primusgatan-74,-1tr-1193627;2004
Primusgatan 98, vÌ´n 4;96.5;20/05/20;8995000;9700000;4799;5900;100518;3 rum;Primusgatan 98, vÌ´n 4 - SÌ´ld bostadsrÌ_ttslÌ_genhet - Lilla Essingen \\ Kungsholmen, Stockholm - Hemnet;https://www.hemnet.se/salda/lagenhet-3rum-lilla-essingen-kungsholmen-stockholms-kommun-primusgatan-98,-van-4-1188752;2003
Primusgatan 87;51;19/05/20;3250000;3650000;3309;4860;71569;2 rum;Primusgatan 87 - SÌ´ld bostadsrÌ_ttslÌ_genhet - Lilla Essingen \\ Kungsholmen, Stockholm - Hemnet;https://www.hemnet.se/salda/lagenhet-2rum-lilla-essingen-kungsholmen-stockholms-kommun-primusgatan-87-1188353;2007
Primusgatan 84;68.5;19/05/20;4695000;5200000;4121;4860;75912;2,5 rum;Primusgatan 84 - SÌ´ld bostadsrÌ_ttslÌ_genhet - Lilla Essingen \\ Kungsholmen, Stockholm - Hemnet;https://www.hemnet.se/salda/lagenhet-2,5rum-lilla-essingen-kungsholmen-stockholms-kommun-primusgatan-84-1188213;2004
Essinge Brogata 22;45;14/05/20;2495000;2800000;3309;7836;62222;2 rum;Essinge Brogata 22 - SÌ´ld bostadsrÌ_ttslÌ_genhet - Lilla Essingen \\ Kungsholmen, Stockholm - Hemnet;https://www.hemnet.se/salda/lagenhet-2rum-lilla-essingen-kungsholmen-stockholms-kommun-essinge-brogata-22-1185844;1939
StrÌ´lgatan 12, 2tr;43;14/05/20;2995000;3050000;2043;5500;70930;2 rum;StrÌ´lgatan 12, 2tr - SÌ´ld bostadsrÌ_ttslÌ_genhet - Lilla Essingen, Stockholm - Hemnet;https://www.hemnet.se/salda/lagenhet-2rum-lilla-essingen-stockholms-kommun-stralgatan-12,-2tr-1185789;1938
Essinge Brogata 39, 2 tr;23;12/05/20;1895000;2100000;1787;3600;91304;1 rum;Essinge Brogata 39, 2 tr - SÌ´ld bostadsrÌ_ttslÌ_genhet - Lilla Essingen - Kungsholmen, Stockholm - Hemnet;https://www.hemnet.se/salda/lagenhet-1rum-lilla-essingen-kungsholmen-stockholms-kommun-essinge-brogata-39,-2-tr-1184444;1938
Disponentgatan 1;30;12/05/20;2450000;2500000;2176;4800;83333;1 rum;Disponentgatan 1 - SÌ´ld bostadsrÌ_ttslÌ_genhet - Lilla Essingen, Stockholm - Hemnet;https://www.hemnet.se/salda/lagenhet-1rum-lilla-essingen-stockholms-kommun-disponentgatan-1-1184239;
StrÌ´lgatan 8;23;07/05/20;1995000;2248000;1603;4996;97739;1 rum;StrÌ´lgatan 8 - SÌ´ld bostadsrÌ_ttslÌ_genhet - Lilla Essingen - Kungsholmen, Stockholm - Hemnet;https://www.hemnet.se/salda/lagenhet-1rum-lilla-essingen-kungsholmen-stockholms-kommun-stralgatan-8-1182107;1938
Primusgatan 74, 5tr;120.5;07/05/20;9995000;10400000;6326;7800;86307;4 rum;Primusgatan 74, 5tr - SÌ´ld bostadsrÌ_ttslÌ_genhet - Lilla Essingen, Stockholm - Hemnet;https://www.hemnet.se/salda/lagenhet-4rum-lilla-essingen-stockholms-kommun-primusgatan-74,-5tr-1181901;2004
Primusgatan 51, 6tr;87;06/05/20;5600000;5500000;4678;7800;63218;3 rum;Primusgatan 51, 6tr - SÌ´ld bostadsrÌ_ttslÌ_genhet - Lilla Essingen, Stockholm - Hemnet;https://www.hemnet.se/salda/lagenhet-3rum-lilla-essingen-stockholms-kommun-primusgatan-51,-6tr-1181044;2006
Essinge Brogata 22, 1 tr;31;05/05/20;2195000;2450000;2288;3480;79032;2 rum;Essinge Brogata 22, 1 tr - SÌ´ld bostadsrÌ_ttslÌ_genhet - Lilla Essingen \\ Kungsholmen, Stockholm - Hemnet;https://www.hemnet.se/salda/lagenhet-2rum-lilla-essingen-kungsholmen-stockholms-kommun-essinge-brogata-22,-1-tr-1180565;1938
Essinge Brogata 3, 2 tr;44;05/05/20;2995000;3200000;2493;6000;72727;2 rum;Essinge Brogata 3, 2 tr - SÌ´ld bostadsrÌ_ttslÌ_genhet - Lilla Essingen, Stockholm - Hemnet;https://www.hemnet.se/salda/lagenhet-2rum-lilla-essingen-stockholms-kommun-essinge-brogata-3,-2-tr-1180721;1938
Essinge Brogata 39, 4 tr;23;01/05/20;2100000;2100000;1888;3600;91304;1 rum;Essinge Brogata 39, 4 tr - SÌ´ld bostadsrÌ_ttslÌ_genhet - Kungsholmen - Lilla Essingen, STOCKHOLM - Hemnet;https://www.hemnet.se/salda/lagenhet-1rum-kungsholmen-lilla-essingen-stockholms-kommun-essinge-brogata-39,-4-tr-1179390;1938
Primusgatan 60, 5tr;78;30/04/20;5995000;5850000;4979;7500;75000;3 rum;Primusgatan 60, 5tr - SÌ´ld bostadsrÌ_ttslÌ_genhet - Lilla Essingen, Stockholm - Hemnet;https://www.hemnet.se/salda/lagenhet-3rum-lilla-essingen-stockholms-kommun-primusgatan-60,-5tr-1178636;2005
StrÌ´lgatan 23;32;29/04/20;2495000;2800000;2300;4716;87500;2 rum;StrÌ´lgatan 23 - SÌ´ld bostadsrÌ_ttslÌ_genhet - Lilla Essingen - Kungsholmen, Stockholm - Hemnet;https://www.hemnet.se/salda/lagenhet-2rum-lilla-essingen-kungsholmen-stockholms-kommun-stralgatan-23-1178156;1939
Disponentgatan 6, 3tr;72;29/04/20;4995000;5650000;4091;;78472;3 rum;Disponentgatan 6, 3tr - SÌ´ld bostadsrÌ_ttslÌ_genhet - Kungsholmen - Lilla Essingen, STOCKHOLM - Hemnet;https://www.hemnet.se/salda/lagenhet-3rum-kungsholmen-lilla-essingen-stockholms-kommun-disponentgatan-6,-3tr-1177827;1932
Essinge brogata 15, vÌ´n 5;39;29/04/20;2595000;3125000;1947;5347;80128;2 rum;Essinge brogata 15, vÌ´n 5 - SÌ´ld bostadsrÌ_ttslÌ_genhet - Lilla Essingen \\ Kungsholmen, Stockholm - Hemnet;https://www.hemnet.se/salda/lagenhet-2rum-lilla-essingen-kungsholmen-stockholms-kommun-essinge-brogata-15,-van-5-1177432;1939
StrÌ´lgatan 29, hÌ¦gst upp;40;28/04/20;2695000;2850000;2033;4400;71250;2 rum;StrÌ´lgatan 29, hÌ¦gst upp - SÌ´ld bostadsrÌ_ttslÌ_genhet - Kungsholmen / Lilla Essingen, Stockholm - Hemnet;https://www.hemnet.se/salda/lagenhet-2rum-kungsholmen-lilla-essingen-stockholms-kommun-stralgatan-29,-hogst-upp-1177259;1939
Essinge Brogata 20;42;28/04/20;2495000;2950000;2382;4860;70238;2 rum;Essinge Brogata 20 - SÌ´ld bostadsrÌ_ttslÌ_genhet - Kungsholmen/EssingeÌ¦arna, Stockholm - Hemnet;https://www.hemnet.se/salda/lagenhet-2rum-kungsholmen-essingeoarna-stockholms-kommun-essinge-brogata-20-1176806;1939
StrÌ´lgatan 47;32;25/04/20;2495000;2800000;2829;3000;87500;2 rum;StrÌ´lgatan 47 - SÌ´ld bostadsrÌ_ttslÌ_genhet - Kungsholmen - Lilla Essingen, Stockholm - Hemnet;https://www.hemnet.se/salda/lagenhet-2rum-kungsholmen-lilla-essingen-stockholms-kommun-stralgatan-47-1175866;1939
Primusgatan 88;74;24/04/20;4350000;4250000;3864;3100;57432;2,5 rum;Primusgatan 88 - SÌ´ld bostadsrÌ_ttslÌ_genhet - Lilla Essingen - Kungsholmen, Stockholm - Hemnet;https://www.hemnet.se/salda/lagenhet-2,5rum-lilla-essingen-kungsholmen-stockholms-kommun-primusgatan-88-1175540;
StrÌ´lgatan 23, 4 tr;40;23/04/20;2895000;3000000;2797;6144;75000;2 rum;StrÌ´lgatan 23, 4 tr - SÌ´ld bostadsrÌ_ttslÌ_genhet - Lilla Essingen \\ Kungsholmen, STOCKHOLM - Hemnet;https://www.hemnet.se/salda/lagenhet-2rum-lilla-essingen-kungsholmen-stockholms-kommun-stralgatan-23,-4-tr-1174155;1938
Essinge brogata 10, vÌ´n 4;72;22/04/20;4495000;4700000;3801;7719;65278;3 rum;Essinge brogata 10, vÌ´n 4 - SÌ´ld bostadsrÌ_ttslÌ_genhet - Lilla Essingen \\ Kungsholmen, Stockholm - Hemnet;https://www.hemnet.se/salda/lagenhet-3rum-lilla-essingen-kungsholmen-stockholms-kommun-essinge-brogata-10,-van-4-1173798;1932
Luxgatan 6;24;21/04/20;1995000;2250000;1217;3800;93750;1 rum;Luxgatan 6 - SÌ´ld bostadsrÌ_ttslÌ_genhet - Lilla Essingen - Kungsholmen, Stockholm - Hemnet;https://www.hemnet.se/salda/lagenhet-1rum-lilla-essingen-kungsholmen-stockholms-kommun-luxgatan-6-1173090;1930
Luxgatan 25, 4tr;62;21/04/20;4395000;4375000;3727;6700;70565;2 rum;Luxgatan 25, 4tr - SÌ´ld bostadsrÌ_ttslÌ_genhet - Lilla Essingen, Stockholm - Hemnet;https://www.hemnet.se/salda/lagenhet-2rum-lilla-essingen-stockholms-kommun-luxgatan-25,-4tr-1172677;2006
Essinge Brogata 5, 4 tr;66;20/04/20;4495000;4600000;3675;7817;69697;3 rum;Essinge Brogata 5, 4 tr - SÌ´ld bostadsrÌ_ttslÌ_genhet - Lilla Essingen, Stockholm - Hemnet;https://www.hemnet.se/salda/lagenhet-3rum-lilla-essingen-stockholms-kommun-essinge-brogata-5,-4-tr-1172595;1938
StrÌ´lgatan 8, 4tr;35;17/04/20;3000000;2900000;2439;6240;82857;2 rum;StrÌ´lgatan 8, 4tr - SÌ´ld bostadsrÌ_ttslÌ_genhet - Kungsholmen-Lilla Essingen, Stockholm - Hemnet;https://www.hemnet.se/salda/lagenhet-2rum-kungsholmen-lilla-essingen-stockholms-kommun-stralgatan-8,-4tr-1171061;1939
Primusgatan 53, vÌ´n 8;44.5;16/04/20;3295000;3700000;2865;4860;83146;2 rum;Primusgatan 53, vÌ´n 8 - SÌ´ld bostadsrÌ_ttslÌ_genhet - Lilla Essingen \\ Kungsholmen, Stockholm - Hemnet;https://www.hemnet.se/salda/lagenhet-2rum-lilla-essingen-kungsholmen-stockholms-kommun-primusgatan-53,-van-8-1170607;2004
Patentgatan 5, 5tr;45.5;15/04/20;3500000;3500000;2809;6100;76923;2 rum;Patentgatan 5, 5tr - SÌ´ld bostadsrÌ_ttslÌ_genhet - Lilla Essingen, Stockholm - Hemnet;https://www.hemnet.se/salda/lagenhet-2rum-lilla-essingen-stockholms-kommun-patentgatan-5,-5tr-1169862;2006
Essinge Brogata 22, vÌ´n 2;31;10/04/20;2100000;2410000;2288;2500;77742;2 rum;Essinge Brogata 22, vÌ´n 2 - SÌ´ld bostadsrÌ_ttslÌ_genhet - Kungsholmen Lilla Essingen, STOCKHOLM - Hemnet;https://www.hemnet.se/salda/lagenhet-2rum-kungsholmen-lilla-essingen-stockholms-kommun-essinge-brogata-22,-van-2-1168921;1938
StrÌ´lgatan 21;49;09/04/20;3195000;3560000;3357;4860;72653;2 rum;StrÌ´lgatan 21 - SÌ´ld bostadsrÌ_ttslÌ_genhet - Lilla Essingen \\ Kungsholmen, Stockholm - Hemnet;https://www.hemnet.se/salda/lagenhet-2rum-lilla-essingen-kungsholmen-stockholms-kommun-stralgatan-21-1168246;1939
StrÌ´lgatan 33;32;08/04/20;2295000;2710000;1974;3700;84688;2 rum;StrÌ´lgatan 33 - SÌ´ld bostadsrÌ_ttslÌ_genhet - Lilla Essingen - Kungsholmen, Stockholm - Hemnet;https://www.hemnet.se/salda/lagenhet-2rum-lilla-essingen-kungsholmen-stockholms-kommun-stralgatan-33-1168030;1938
Essinge Brogata 20, 5tr;42;08/04/20;2895000;2820000;2382;;67143;2 rum;Essinge Brogata 20, 5tr - SÌ´ld bostadsrÌ_ttslÌ_genhet - Kungsholmen - Lilla Essingen, STOCKHOLM - Hemnet;https://www.hemnet.se/salda/lagenhet-2rum-kungsholmen-lilla-essingen-stockholms-kommun-essinge-brogata-20,-5tr-1167491;1939
Luxgatan 19, 2tr;58.5;06/04/20;4275000;4125000;3337;5800;70513;2 rum;Luxgatan 19, 2tr - SÌ´ld bostadsrÌ_ttslÌ_genhet - Lilla Essingen, Stockholm - Hemnet;https://www.hemnet.se/salda/lagenhet-2rum-lilla-essingen-stockholms-kommun-luxgatan-19,-2tr-1166753;2006
Luxgatan 7, 3tr;36;01/04/20;2850000;2800000;2091;5844;77778;1 rum;Luxgatan 7, 3tr - SÌ´ld bostadsrÌ_ttslÌ_genhet - Lilla Essingen, Stockholm - Hemnet;https://www.hemnet.se/salda/lagenhet-1rum-lilla-essingen-stockholms-kommun-luxgatan-7,-3tr-1164711;1937
Primusgatan 81, vÌ´n 3;76.5;31/03/20;5945000;6000000;4037;;78431;3 rum;Primusgatan 81, vÌ´n 3 - SÌ´ld bostadsrÌ_ttslÌ_genhet - Kungsholmen Lilla Essingen, Stockholm - Hemnet;https://www.hemnet.se/salda/lagenhet-3rum-kungsholmen-lilla-essingen-stockholms-kommun-primusgatan-81,-van-3-1164059;2004
StrÌ´lgatan 35, 2tr;42;31/03/20;3050000;3000000;2470;8427;71429;2 rum;StrÌ´lgatan 35, 2tr - SÌ´ld bostadsrÌ_ttslÌ_genhet - Lilla Essingen / Kungsholmen, STOCKHOLM - Hemnet;https://www.hemnet.se/salda/lagenhet-2rum-lilla-essingen-kungsholmen-stockholms-kommun-stralgatan-35,-2tr-1163992;1938
StrÌ´lgatan 45, 3 tr;38;28/03/20;3100000;3025000;1756;4200;79605;2 rum;StrÌ´lgatan 45, 3 tr - SÌ´ld bostadsrÌ_ttslÌ_genhet - Lilla Essingen - Kungsholmen, Stockholm - Hemnet;https://www.hemnet.se/salda/lagenhet-2rum-lilla-essingen-kungsholmen-stockholms-kommun-stralgatan-45,-3-tr-1163200;1938
Disponentgatan 1;30;27/03/20;1995000;2425000;2176;5708;80833;1 rum;Disponentgatan 1 - SÌ´ld bostadsrÌ_ttslÌ_genhet - Lilla Essingen - Kungsholmen, Stockholm - Hemnet;https://www.hemnet.se/salda/lagenhet-1rum-lilla-essingen-kungsholmen-stockholms-kommun-disponentgatan-1-1163006;1935
Essinge Brogata 15;39;27/03/20;2395000;2800000;1947;4860;71795;2 rum;Essinge Brogata 15 - SÌ´ld bostadsrÌ_ttslÌ_genhet - Lilla Essingen \\ Kungsholmen, Stockholm - Hemnet;https://www.hemnet.se/salda/lagenhet-2rum-lilla-essingen-kungsholmen-stockholms-kommun-essinge-brogata-15-1162527;1939
Essinge Brogata 39, vÌ´n 4/4;34;25/03/20;2295000;2700000;2648;3300;79412;2 rum;Essinge Brogata 39, vÌ´n 4/4  - SÌ´ld bostadsrÌ_ttslÌ_genhet - Lilla Essingen - Kungsholmen, Stockholm - Hemnet;https://www.hemnet.se/salda/lagenhet-2rum-lilla-essingen-kungsholmen-stockholms-kommun-essinge-brogata-39,-van-4-4-1161703;
StrÌ´lgatan 45, 4 tr;37;25/03/20;2795000;3250000;1709;8900;87838;2 rum;StrÌ´lgatan 45, 4 tr - SÌ´ld bostadsrÌ_ttslÌ_genhet - Lilla Essingen, Stockholm - Hemnet;https://www.hemnet.se/salda/lagenhet-2rum-lilla-essingen-stockholms-kommun-stralgatan-45,-4-tr-1161865;1938
Essinge Brogata 23;26;25/03/20;1995000;2375000;1638;3200;91346;1 rum;Essinge Brogata 23 - SÌ´ld bostadsrÌ_ttslÌ_genhet - Lilla Essingen, Stockholm - Hemnet;https://www.hemnet.se/salda/lagenhet-1rum-lilla-essingen-stockholms-kommun-essinge-brogata-23-1161579;1936
Primusgatan 94, 6tr;56;22/03/20;4495000;4495000;3233;6000;80268;2 rum;Primusgatan 94, 6tr - SÌ´ld bostadsrÌ_ttslÌ_genhet - Lilla Essingen, Stockholm - Hemnet;https://www.hemnet.se/salda/lagenhet-2rum-lilla-essingen-stockholms-kommun-primusgatan-94,-6tr-1160355;2003
Primusgatan 53 6tr;46;17/03/20;3450000;3650000;2921;4400;79348;2 rum;Primusgatan 53 6tr - SÌ´ld bostadsrÌ_ttslÌ_genhet - Kungsholmen / Lilla Essingen, Stockholm - Hemnet;https://www.hemnet.se/salda/lagenhet-2rum-kungsholmen-lilla-essingen-stockholms-kommun-primusgatan-53-6tr-1157816;2004
Luxgatan 5;24;16/03/20;1950000;2300000;1297;3000;95833;1 rum;Luxgatan 5 - SÌ´ld bostadsrÌ_ttslÌ_genhet - Lilla Essingen - Kungsholmen, Stockholm - Hemnet;https://www.hemnet.se/salda/lagenhet-1rum-lilla-essingen-kungsholmen-stockholms-kommun-luxgatan-5-1157600;
Disponentgatan 4;84;10/03/20;4650000;5610000;4261;5900;66786;3 rum;Disponentgatan 4 - SÌ´ld bostadsrÌ_ttslÌ_genhet - Lilla Essingen \\ Kungsholmen, Stockholm - Hemnet;https://www.hemnet.se/salda/lagenhet-3rum-lilla-essingen-kungsholmen-stockholms-kommun-disponentgatan-4-1154562;1939
Luxgatan 27, 5tr;72;04/03/20;5275000;5500000;4183;6700;76389;3 rum;Luxgatan 27, 5tr - SÌ´ld bostadsrÌ_ttslÌ_genhet - Lilla Essingen, Stockholm - Hemnet;https://www.hemnet.se/salda/lagenhet-3rum-lilla-essingen-stockholms-kommun-luxgatan-27,-5tr-1151453;2006
StrÌ´lgatan 35, 3tr;42;04/03/20;2895000;3140000;2494;7600;74762;2 rum;StrÌ´lgatan 35, 3tr - SÌ´ld bostadsrÌ_ttslÌ_genhet - Lilla Essingen, Stockholm - Hemnet;https://www.hemnet.se/salda/lagenhet-2rum-lilla-essingen-stockholms-kommun-stralgatan-35,-3tr-1151204;1938
Essinge Brogata 1;62;03/03/20;4500000;4500000;2993;4800;72581;2 rum;Essinge Brogata 1 - SÌ´ld bostadsrÌ_ttslÌ_genhet - Lilla Essingen - Kungsholmen, Stockholm - Hemnet;https://www.hemnet.se/salda/lagenhet-2rum-lilla-essingen-kungsholmen-stockholms-kommun-essinge-brogata-1-1152225;1938
Luxgatan 7;22;26/02/20;1950000;2255000;1271;5280;102500;1 rum;Luxgatan 7 - SÌ´ld bostadsrÌ_ttslÌ_genhet - Lilla Essingen \\ Kungsholmen, STOCKHOLM - Hemnet;https://www.hemnet.se/salda/lagenhet-1rum-lilla-essingen-kungsholmen-stockholms-kommun-luxgatan-7-1147990;1937
Luxgatan 25;62;22/02/20;3995000;4500000;3727;;72581;2 rum;Luxgatan 25 - SÌ´ld bostadsrÌ_ttslÌ_genhet - Lilla Essingen - Kungsholmen, Stockholm - Hemnet;https://www.hemnet.se/salda/lagenhet-2rum-lilla-essingen-kungsholmen-stockholms-kommun-luxgatan-25-1147082;2007
Luxgatan 25, vÌ´n 6/6;100;22/02/20;8495000;9600000;5325;8500;96000;4 rum;Luxgatan 25, vÌ´n 6/6 - SÌ´ld bostadsrÌ_ttslÌ_genhet - Lilla Essingen \\ Kungsholmen, Stockholm - Hemnet;https://www.hemnet.se/salda/lagenhet-4rum-lilla-essingen-kungsholmen-stockholms-kommun-luxgatan-25,-van-6-6-1146443;2007
Primusgatan 91, 3 tr;62;20/02/20;3995000;4550000;3727;4000;73387;2 rum;Primusgatan 91, 3 tr - SÌ´ld bostadsrÌ_ttslÌ_genhet - Lilla Essingen - Kungsholmen, STOCKHOLM - Hemnet;https://www.hemnet.se/salda/lagenhet-2rum-lilla-essingen-kungsholmen-stockholms-kommun-primusgatan-91,-3-tr-1145520;2006
Disponentgatan 4;37;20/02/20;2695000;3225000;1979;8800;87162;2 rum;Disponentgatan 4 - SÌ´ld bostadsrÌ_ttslÌ_genhet - Lilla Essingen, Stockholm - Hemnet;https://www.hemnet.se/salda/lagenhet-2rum-lilla-essingen-stockholms-kommun-disponentgatan-4-1144932;1939
Luxgatan 11;38.5;19/02/20;2895000;3325000;2003;5200;86364;1,5 rum;Luxgatan 11 - SÌ´ld bostadsrÌ_ttslÌ_genhet - Lilla Essingen, Stockholm - Hemnet;https://www.hemnet.se/salda/lagenhet-1,5rum-lilla-essingen-stockholms-kommun-luxgatan-11-1144976;1936
Essinge Brogata 8;37;19/02/20;2195000;2775000;1885;7400;75000;1,5 rum;Essinge Brogata 8 - SÌ´ld bostadsrÌ_ttslÌ_genhet - Lilla Essingen, Stockholm - Hemnet;https://www.hemnet.se/salda/lagenhet-1,5rum-lilla-essingen-stockholms-kommun-essinge-brogata-8-1144533;1931
StrÌ´lgatan 21;38;16/02/20;2395000;2700000;2673;3800;71053;2 rum;StrÌ´lgatan 21 - SÌ´ld bostadsrÌ_ttslÌ_genhet - Lilla Essingen \\ Kungsholmen, STOCKHOLM - Hemnet;https://www.hemnet.se/salda/lagenhet-2rum-lilla-essingen-kungsholmen-stockholms-kommun-stralgatan-21-1143428;1938
Essinge Brogata 5;24;12/02/20;1995000;2450000;1461;5328;102083;1 rum;Essinge Brogata 5 - SÌ´ld bostadsrÌ_ttslÌ_genhet - Lilla Essingen - Kungsholmen, Stockholm - Hemnet;https://www.hemnet.se/salda/lagenhet-1rum-lilla-essingen-kungsholmen-stockholms-kommun-essinge-brogata-5-1141495;1938
Primusgatan 69;76.5;12/02/20;4895000;5600000;4568;5900;73203;3 rum;Primusgatan 69 - SÌ´ld bostadsrÌ_ttslÌ_genhet - Lilla Essingen \\ Kungsholmen, Stockholm - Hemnet;https://www.hemnet.se/salda/lagenhet-3rum-lilla-essingen-kungsholmen-stockholms-kommun-primusgatan-69-1141187;2004
Primusgatan 74, 2tr;65;11/02/20;4495000;4725000;3981;6700;72692;2 rum;Primusgatan 74, 2tr - SÌ´ld bostadsrÌ_ttslÌ_genhet - Lilla Essingen, Stockholm - Hemnet;https://www.hemnet.se/salda/lagenhet-2rum-lilla-essingen-stockholms-kommun-primusgatan-74,-2tr-1140517;2004
StrÌ´lgatan 33, vÌ´n 3/3;40;08/02/20;2695000;3000000;2427;3620;75000;2 rum;StrÌ´lgatan 33, vÌ´n 3/3 - SÌ´ld bostadsrÌ_ttslÌ_genhet - Lilla Essingen \\ Kungsholmen, Stockholm - Hemnet;https://www.hemnet.se/salda/lagenhet-2rum-lilla-essingen-kungsholmen-stockholms-kommun-stralgatan-33,-van-3-3-1139622;1939
StrÌ´lgatan 19;29;07/02/20;2650000;2995000;1812;3800;103276;1,5 rum;StrÌ´lgatan 19  - SÌ´ld bostadsrÌ_ttslÌ_genhet - Lilla Essingen - Kungsholmen, Stockholm - Hemnet;https://www.hemnet.se/salda/lagenhet-1,5rum-lilla-essingen-kungsholmen-stockholms-kommun-stralgatan-19-1139370;1938
Primusgatan 50, 1tr;63;04/02/20;3950000;4125000;3706;4440;65476;2,5 rum;Primusgatan 50, 1tr - SÌ´ld bostadsrÌ_ttslÌ_genhet - Kungsholmen/Lilla Essingen, STOCKHOLM - Hemnet;https://www.hemnet.se/salda/lagenhet-2,5rum-kungsholmen-lilla-essingen-stockholms-kommun-primusgatan-50,-1tr-1137286;2005
Primusgatan 86, 2tr;47;04/02/20;3295000;3500000;2848;6100;74468;2 rum;Primusgatan 86, 2tr - SÌ´ld bostadsrÌ_ttslÌ_genhet - Lilla Essingen, Stockholm - Hemnet;https://www.hemnet.se/salda/lagenhet-2rum-lilla-essingen-stockholms-kommun-primusgatan-86,-2tr-1137091;2004
Essinge Brogata 15, 4tr;39;30/01/20;2595000;3250000;1947;4512;83333;2 rum;Essinge Brogata 15, 4tr - SÌ´ld bostadsrÌ_ttslÌ_genhet - Lilla Essingen, Stockholm - Hemnet;https://www.hemnet.se/salda/lagenhet-2rum-lilla-essingen-stockholms-kommun-essinge-brogata-15,-4tr-1135353;1939
StrÌ´lgatan 8, 3tr;26;30/01/20;2000000;2550000;1812;;98077;1 rum;StrÌ´lgatan 8, 3tr - SÌ´ld bostadsrÌ_ttslÌ_genhet - Lilla Essingen, STOCKHOLM - Hemnet;https://www.hemnet.se/salda/lagenhet-1rum-lilla-essingen-stockholms-kommun-stralgatan-8,-3tr-1135151;1939
StrÌ´lgatan 21;35;28/01/20;2495000;2875000;2486;5060;82143;2 rum;StrÌ´lgatan 21 - SÌ´ld bostadsrÌ_ttslÌ_genhet - Lilla Essingen - Kungsholmen, Stockholm - Hemnet;https://www.hemnet.se/salda/lagenhet-2rum-lilla-essingen-kungsholmen-stockholms-kommun-stralgatan-21-1134147;1941
Primusgatan 64;84;24/01/20;5495000;5850000;5237;4640;69643;3,5 rum;Primusgatan 64 - SÌ´ld bostadsrÌ_ttslÌ_genhet - Lilla Essingen \\ Kungsholmen, Stockholm - Hemnet;https://www.hemnet.se/salda/lagenhet-3,5rum-lilla-essingen-kungsholmen-stockholms-kommun-primusgatan-64-1132520;2007
StrÌ´lgatan 23;32;23/01/20;2495000;2900000;2300;6096;90625;2 rum;StrÌ´lgatan 23 - SÌ´ld bostadsrÌ_ttslÌ_genhet - Lilla Essingen \\ Kungsholmen, Stockholm - Hemnet;https://www.hemnet.se/salda/lagenhet-2rum-lilla-essingen-kungsholmen-stockholms-kommun-stralgatan-23-1131943;1939
Primusgatan 53;44;23/01/20;3195000;3325000;2846;;75568;2 rum;Primusgatan 53 - SÌ´ld bostadsrÌ_ttslÌ_genhet - Lilla Essingen - Kungsholmen, STOCKHOLM - Hemnet;https://www.hemnet.se/salda/lagenhet-2rum-lilla-essingen-kungsholmen-stockholms-kommun-primusgatan-53-1131715;2006
Luxgatan 37, 9tr;45;23/01/20;3595000;3700000;2883;4900;82222;2 rum;Luxgatan 37, 9tr - SÌ´ld bostadsrÌ_ttslÌ_genhet - Lilla Essingen, Stockholm - Hemnet;https://www.hemnet.se/salda/lagenhet-2rum-lilla-essingen-stockholms-kommun-luxgatan-37,-9tr-1132026;2005
Primusgatan 53, 6tr;44.5;22/01/20;3295000;3625000;2865;5500;81461;2 rum;Primusgatan 53, 6tr - SÌ´ld bostadsrÌ_ttslÌ_genhet - Lilla Essingen, Stockholm - Hemnet;https://www.hemnet.se/salda/lagenhet-2rum-lilla-essingen-stockholms-kommun-primusgatan-53,-6tr-1130970;2006
StrÌ´lgatan 19;58;16/01/20;3995000;4725000;3544;5639;81466;3 rum;StrÌ´lgatan 19 - SÌ´ld bostadsrÌ_ttslÌ_genhet - Lilla Essingen - Kungsholmen, Stockholm - Hemnet;https://www.hemnet.se/salda/lagenhet-3rum-lilla-essingen-kungsholmen-stockholms-kommun-stralgatan-19-1128287;1938
Essinge Brogata 23, 2 tr;31;15/01/20;2295000;2875000;1812;;92742;1 rum;Essinge Brogata 23, 2 tr - SÌ´ld bostadsrÌ_ttslÌ_genhet - Lilla Essingen, Stockholm - Hemnet;https://www.hemnet.se/salda/lagenhet-1rum-lilla-essingen-stockholms-kommun-essinge-brogata-23,-2-tr-1127476;1936