address,area,date,demanded_price,final_price,monthly_fee,operating_cost,price_per_squaremeter,room_number,title,url,year_of_construction
Luxgatan 7,30,2021-01-13,2350000,2550000,1733,6096,85000,1 rum,"Luxgatan 7 - Såld bostadsrättslägenhet - Lilla Essingen \\ Kungsholmen, Stockholm - Hemnet",https://www.hemnet.se/salda/lagenhet-1rum-lilla-essingen-kungsholmen-stockholms-kommun-luxgatan-7-1313676,1937
"Primusgatan 108, 6/6 tr",101,2021-01-10,11400000,11400000,5887,5540,112871,4 rum,"Primusgatan 108, 6/6 tr - Såld bostadsrättslägenhet - Kungsholmen / Lilla Essingen, Stockholm - Hemnet","https://www.hemnet.se/salda/lagenhet-4rum-kungsholmen-lilla-essingen-stockholms-kommun-primusgatan-108,-6-6-tr-1312380",1935
"Strålgatan 47, 3 tr",31,2021-01-08,2595000,2875000,2471,3200,92742,2 rum,"Strålgatan 47, 3 tr  - Såld bostadsrättslägenhet - Lilla Essingen - Kungsholmen, Stockholm - Hemnet","https://www.hemnet.se/salda/lagenhet-2rum-lilla-essingen-kungsholmen-stockholms-kommun-stralgatan-47,-3-tr-1312152",1939
Disponentgatan 1,46,2021-01-08,3550000,3550000,3003,12979,77174,"2,5 rum","Disponentgatan 1 - Såld bostadsrättslägenhet - Lilla Essingen, STOCKHOLM - Hemnet","https://www.hemnet.se/salda/lagenhet-2,5rum-lilla-essingen-stockholms-kommun-disponentgatan-1-1312061",1935
Essinge Brogata 12,0,2021-01-08,2495000,2900000,2162,4200,84058,2 rum,"Essinge Brogata 12 - Såld bostadsrättslägenhet - Kungsholmen - Lilla Essingen, Stockholm - Hemnet",https://www.hemnet.se/salda/lagenhet-2rum-kungsholmen-lilla-essingen-stockholms-kommun-essinge-brogata-12-1311880,1934
"Essinge Brogata 39, 2 tr",23,2020-12-14,1895000,2205000,1787,3600,95870,1 rum,"Essinge Brogata 39, 2 tr  - Såld bostadsrättslägenhet - Lilla Essingen - Kungsholmen, Stockholm - Hemnet","https://www.hemnet.se/salda/lagenhet-1rum-lilla-essingen-kungsholmen-stockholms-kommun-essinge-brogata-39,-2-tr-1305647",1938
Strålgatan 47,40,2020-12-11,2595000,2850000,2957,4860,71250,2 rum,"Strålgatan 47 - Såld bostadsrättslägenhet - Lilla Essingen \\ Kungsholmen, Stockholm - Hemnet",https://www.hemnet.se/salda/lagenhet-2rum-lilla-essingen-kungsholmen-stockholms-kommun-stralgatan-47-1302841,1939
"Patentgatan 1, 3tr",69,2020-12-04,5995000,6400000,3778,7200,92754,3 rum,"Patentgatan 1, 3tr - Såld bostadsrättslägenhet - Lilla Essingen, Stockholm - Hemnet","https://www.hemnet.se/salda/lagenhet-3rum-lilla-essingen-stockholms-kommun-patentgatan-1,-3tr-1299622",2006
"Primusgatan 82, 6tr",0,2020-12-03,8495000,8495000,4828,7800,100533,3 rum,"Primusgatan 82, 6tr - Såld bostadsrättslägenhet - Lilla Essingen, Stockholm - Hemnet","https://www.hemnet.se/salda/lagenhet-3rum-lilla-essingen-stockholms-kommun-primusgatan-82,-6tr-1299073",2004
"Primusgatan 81, vån 4",96,2020-12-01,8495000,9250000,4793,6860,96354,4 rum,"Primusgatan 81, vån 4 - Såld bostadsrättslägenhet - Lilla Essingen \\ Kungsholmen, Stockholm - Hemnet","https://www.hemnet.se/salda/lagenhet-4rum-lilla-essingen-kungsholmen-stockholms-kommun-primusgatan-81,-van-4-1298651",2004
"Strålgatan 23, 4 tr",33,2020-12-01,2650000,2900000,2362,4000,87879,2 rum,"Strålgatan 23, 4 tr - Såld bostadsrättslägenhet - Lilla Essingen - Kungsholmen, Stockholm - Hemnet","https://www.hemnet.se/salda/lagenhet-2rum-lilla-essingen-kungsholmen-stockholms-kommun-stralgatan-23,-4-tr-1298222",1938
"Essinge Brogata 39, 1 tr",38,2020-12-01,2595000,2800000,2548,4100,73684,"1,5 rum","Essinge Brogata 39, 1 tr  - Såld bostadsrättslägenhet - Lilla Essingen - Kungsholmen, Stockholm - Hemnet","https://www.hemnet.se/salda/lagenhet-1,5rum-lilla-essingen-kungsholmen-stockholms-kommun-essinge-brogata-39,-1-tr-1298221",1938
Essinge Brogata 22,19,2020-11-27,1795000,2150000,1397,3600,113158,1 rum,"Essinge Brogata 22  - Såld bostadsrättslägenhet - Lilla Essingen - Kungsholmen, Stockholm - Hemnet",https://www.hemnet.se/salda/lagenhet-1rum-lilla-essingen-kungsholmen-stockholms-kommun-essinge-brogata-22-1296724,1939
Primusgatan 62,69,2020-11-26,4695000,5150000,4507,5900,74638,3 rum,"Primusgatan 62 - Såld bostadsrättslägenhet - Lilla Essingen \\ Kungsholmen, Stockholm - Hemnet",https://www.hemnet.se/salda/lagenhet-3rum-lilla-essingen-kungsholmen-stockholms-kommun-primusgatan-62-1295517,2007
Disponentgatan 1,36,2020-11-25,2895000,3450000,2435,0,95833,2 rum,"Disponentgatan 1 - Såld bostadsrättslägenhet - Kungsholmen - Lilla Essingen, Stockholm - Hemnet",https://www.hemnet.se/salda/lagenhet-2rum-kungsholmen-lilla-essingen-stockholms-kommun-disponentgatan-1-1294792,0
Strålgatan 21,24,2020-11-24,1895000,2000000,1803,5200,83333,1 rum,"Strålgatan 21 - Såld bostadsrättslägenhet - Lilla Essingen \\ Kungsholmen, STOCKHOLM - Hemnet",https://www.hemnet.se/salda/lagenhet-1rum-lilla-essingen-kungsholmen-stockholms-kommun-stralgatan-21-1294244,1938
"Luxgatan 7, vån 2",54,2020-11-24,4795000,5300000,3142,5800,98148,2 rum,"Luxgatan 7, vån 2 - Såld bostadsrättslägenhet - Lilla Essingen \\ Kungsholmen, Stockholm - Hemnet","https://www.hemnet.se/salda/lagenhet-2rum-lilla-essingen-kungsholmen-stockholms-kommun-luxgatan-7,-van-2-1294198",1937
"Strålgatan 19, 1tr",23,2020-11-24,2290000,2650000,1384,1400,115217,1 rum,"Strålgatan 19, 1tr - Såld bostadsrättslägenhet - Lilla Essingen, Stockholm - Hemnet","https://www.hemnet.se/salda/lagenhet-1rum-lilla-essingen-stockholms-kommun-stralgatan-19,-1tr-1294028",1938
"Disponentgatan 1, 2tr",74,2020-11-23,5995000,5900000,4455,7300,79730,"3,5 rum","Disponentgatan 1, 2tr - Såld bostadsrättslägenhet - Lilla Essingen, Stockholm - Hemnet","https://www.hemnet.se/salda/lagenhet-3,5rum-lilla-essingen-stockholms-kommun-disponentgatan-1,-2tr-1294578",1935
Luxgatan 11,40,2020-11-20,2895000,2930000,2003,9600,73250,2 rum,"Luxgatan 11 - Såld bostadsrättslägenhet - Lilla Essingen, Stockholm - Hemnet",https://www.hemnet.se/salda/lagenhet-2rum-lilla-essingen-stockholms-kommun-luxgatan-11-1292188,1936
Essinge Brogata 20,41,2020-11-19,2895000,3280000,2325,4810,80000,2 rum,"Essinge Brogata 20 - Såld bostadsrättslägenhet - Lilla Essingen - Kungsholmen, Stockholm - Hemnet",https://www.hemnet.se/salda/lagenhet-2rum-lilla-essingen-kungsholmen-stockholms-kommun-essinge-brogata-20-1291983,1939
"Strålgatan 8, 5 tr",35,2020-11-19,2895000,3270000,2439,6100,93429,2 rum,"Strålgatan 8, 5 tr - Såld bostadsrättslägenhet - Lilla Essingen - Kungsholmen, Stockholm - Hemnet","https://www.hemnet.se/salda/lagenhet-2rum-lilla-essingen-kungsholmen-stockholms-kommun-stralgatan-8,-5-tr-1291977",1938
"Strålgatan 19, 2tr",32,2020-11-11,2690000,3015000,1984,2640,94219,"1,5 rum","Strålgatan 19, 2tr - Såld bostadsrättslägenhet - Kungsholmen  - Lilla Essingen, Stockholm - Hemnet","https://www.hemnet.se/salda/lagenhet-1,5rum-kungsholmen-lilla-essingen-stockholms-kommun-stralgatan-19,-2tr-1287084",1938
"Primusgatan 70, 1tr",60,2020-11-10,5195000,5050000,3787,6800,84167,2 rum,"Primusgatan 70, 1tr - Såld bostadsrättslägenhet - Lilla Essingen, Stockholm - Hemnet","https://www.hemnet.se/salda/lagenhet-2rum-lilla-essingen-stockholms-kommun-primusgatan-70,-1tr-1286259",2004
"Primusgatan 94, 7tr",0,2020-11-06,6495000,7000000,3536,5100,108527,2 rum,"Primusgatan 94, 7tr - Såld bostadsrättslägenhet - Kungsholmen - Lilla Essingen, STOCKHOLM - Hemnet","https://www.hemnet.se/salda/lagenhet-2rum-kungsholmen-lilla-essingen-stockholms-kommun-primusgatan-94,-7tr-1284179",2003
"Essinge brogata 18, vån 4",0,2020-11-05,4850000,5720000,4452,5900,72866,"3,5 rum","Essinge brogata 18, vån 4 - Såld bostadsrättslägenhet - Lilla Essingen \\ Kungsholmen, Stockholm - Hemnet","https://www.hemnet.se/salda/lagenhet-3,5rum-lilla-essingen-kungsholmen-stockholms-kommun-essinge-brogata-18,-van-4-1283705",1939
"Primusgatan 70, 1tr",0,2020-11-04,6295000,6300000,4279,6700,86897,2 rum,"Primusgatan 70, 1tr - Såld bostadsrättslägenhet - Lilla Essingen, Stockholm - Hemnet","https://www.hemnet.se/salda/lagenhet-2rum-lilla-essingen-stockholms-kommun-primusgatan-70,-1tr-1282577",2004
"Essinge Brogata 12, 4tr",0,2020-11-03,2495000,3050000,2162,0,88406,2 rum,"Essinge Brogata 12, 4tr - Såld bostadsrättslägenhet - Kungsholmen - Lilla Essingen, Stockholm - Hemnet","https://www.hemnet.se/salda/lagenhet-2rum-kungsholmen-lilla-essingen-stockholms-kommun-essinge-brogata-12,-4tr-1282272",0
"Primusgatan 88, vån 4",56,2020-11-03,3750000,4860000,3233,4860,86786,2 rum,"Primusgatan 88, vån 4 - Såld bostadsrättslägenhet - Lilla Essingen \\ Kungsholmen, Stockholm - Hemnet","https://www.hemnet.se/salda/lagenhet-2rum-lilla-essingen-kungsholmen-stockholms-kommun-primusgatan-88,-van-4-1282198",2003
"Strålgatan 8, vån 6",23,2020-10-29,1995000,2450000,1603,2400,106522,1 rum,"Strålgatan 8, vån 6 - Såld bostadsrättslägenhet - Lilla Essingen - Kungsholmen, Stockholm - Hemnet","https://www.hemnet.se/salda/lagenhet-1rum-lilla-essingen-kungsholmen-stockholms-kommun-stralgatan-8,-van-6-1279899",1940
"Strålgatan 19, vån 3",40,2020-10-29,2850000,3400000,2464,2500,85000,1 rum,"Strålgatan 19, vån 3 - Såld bostadsrättslägenhet - Kungsholmen Lilla Essingen, STOCKHOLM - Hemnet","https://www.hemnet.se/salda/lagenhet-1rum-kungsholmen-lilla-essingen-stockholms-kommun-stralgatan-19,-van-3-1279755",1938
"Luxgatan 11, 4 tr",42,2020-10-29,3250000,3600000,2334,2500,85714,2 rum,"Luxgatan 11, 4 tr - Såld bostadsrättslägenhet - Kungsholmen Lilla Essingen, Stockholm - Hemnet","https://www.hemnet.se/salda/lagenhet-2rum-kungsholmen-lilla-essingen-stockholms-kommun-luxgatan-11,-4-tr-1279620",1936
Essinge Brogata 3,43,2020-10-28,2895000,3520000,2458,6100,81860,2 rum,"Essinge Brogata 3 - Såld bostadsrättslägenhet - Lilla Essingen - Kungsholmen, Stockholm - Hemnet",https://www.hemnet.se/salda/lagenhet-2rum-lilla-essingen-kungsholmen-stockholms-kommun-essinge-brogata-3-1279149,1938
"Luxgatan 6, 1,5 tr",50,2020-10-28,3495000,3800000,2079,3900,76000,2 rum,"Luxgatan 6, 1,5 tr - Såld bostadsrättslägenhet - Lilla Essingen - Kungsholmen, Stockholm - Hemnet","https://www.hemnet.se/salda/lagenhet-2rum-lilla-essingen-kungsholmen-stockholms-kommun-luxgatan-6,-1,5-tr-1279177",1935
Essinge Brogata 23,48,2020-10-26,3195000,3670000,2896,3500,76458,2 rum,"Essinge Brogata 23 - Såld bostadsrättslägenhet - Lilla Essingen - Kungsholmen, Stockholm - Hemnet",https://www.hemnet.se/salda/lagenhet-2rum-lilla-essingen-kungsholmen-stockholms-kommun-essinge-brogata-23-1277532,1936
Strålgatan 33,39,2020-10-26,2595000,3050000,2406,7600,78205,"1,5 rum","Strålgatan 33 - Såld bostadsrättslägenhet - Lilla Essingen \\ Kungsholmen, Stockholm - Hemnet","https://www.hemnet.se/salda/lagenhet-1,5rum-lilla-essingen-kungsholmen-stockholms-kommun-stralgatan-33-1277486",1939
"Luxgatan 19, 3tr",0,2020-10-26,8195000,8360000,4856,5400,85744,4 rum,"Luxgatan 19, 3tr - Såld bostadsrättslägenhet - Lilla Essingen, Stockholm - Hemnet","https://www.hemnet.se/salda/lagenhet-4rum-lilla-essingen-stockholms-kommun-luxgatan-19,-3tr-1277165",2006
"Disponentgatan 4, 5 tr",56,2020-10-24,4195000,5100000,3063,3600,91071,2 rum,"Disponentgatan 4, 5 tr - Såld bostadsrättslägenhet - Lilla Essingen, Stockholm - Hemnet","https://www.hemnet.se/salda/lagenhet-2rum-lilla-essingen-stockholms-kommun-disponentgatan-4,-5-tr-1276882",1939
Essinge Brogata 3,91,2020-10-23,5975000,6850000,4314,4200,75275,4 rum,"Essinge Brogata 3 - Såld bostadsrättslägenhet - Lilla Essingen, Stockholm - Hemnet",https://www.hemnet.se/salda/lagenhet-4rum-lilla-essingen-stockholms-kommun-essinge-brogata-3-1276171,1937
Essinge Brogata 22,45,2020-10-21,2700000,2650000,3307,7400,58889,2 rum,"Essinge Brogata 22 - Såld bostadsrättslägenhet - Lilla Essingen - Kungsholmen, Stockholm - Hemnet",https://www.hemnet.se/salda/lagenhet-2rum-lilla-essingen-kungsholmen-stockholms-kommun-essinge-brogata-22-1274659,1938
"Luxgatan 15, 4tr",0,2020-10-21,5995000,6300000,3445,5900,102439,2 rum,"Luxgatan 15, 4tr - Såld bostadsrättslägenhet - Lilla Essingen, Stockholm - Hemnet","https://www.hemnet.se/salda/lagenhet-2rum-lilla-essingen-stockholms-kommun-luxgatan-15,-4tr-1274332",1909
Strålgatan 23,29,2020-10-20,2250000,2620000,2113,3620,90345,1 rum,"Strålgatan 23 - Såld bostadsrättslägenhet - Lilla Essingen \\ Kungsholmen, Stockholm - Hemnet",https://www.hemnet.se/salda/lagenhet-1rum-lilla-essingen-kungsholmen-stockholms-kommun-stralgatan-23-1273665,1939
"Essinge Brogata 27, vån 5/5",41,2020-10-20,2895000,3200000,2461,3620,78049,2 rum,"Essinge Brogata 27, vån 5/5 - Såld bostadsrättslägenhet - Lilla Essingen / Kungsholmen, Stockholm - Hemnet","https://www.hemnet.se/salda/lagenhet-2rum-lilla-essingen-kungsholmen-stockholms-kommun-essinge-brogata-27,-van-5-5-1273607",1938
"Essinge Brogata 39, ½ tr",48,2020-10-16,2650000,2730000,2648,0,56875,2 rum,"Essinge Brogata 39, ½ tr - Såld bostadsrättslägenhet - Kungsholmen Lilla Essingen, Stockholm - Hemnet","https://www.hemnet.se/salda/lagenhet-2rum-kungsholmen-lilla-essingen-stockholms-kommun-essinge-brogata-39,-tr-1271828",0
"Essinge Brogata 12, 5 tr",0,2020-10-16,6000000,6000000,4828,0,79470,2 rum,"Essinge Brogata 12, 5 tr - Såld bostadsrättslägenhet - Lilla Essingen, Stockholm - Hemnet","https://www.hemnet.se/salda/lagenhet-2rum-lilla-essingen-stockholms-kommun-essinge-brogata-12,-5-tr-1304177",0
"Essinge brogata 27, vån 3",33,2020-10-15,2495000,2950000,2132,3629,89394,2 rum,"Essinge brogata 27, vån 3 - Såld bostadsrättslägenhet - Lilla Essingen \\ Kungsholmen, Stockholm - Hemnet","https://www.hemnet.se/salda/lagenhet-2rum-lilla-essingen-kungsholmen-stockholms-kommun-essinge-brogata-27,-van-3-1271028",1938
"Primusgatan 86, 5tr",0,2020-10-15,9295000,9100000,4622,7200,97326,3 rum,"Primusgatan 86, 5tr - Såld bostadsrättslägenhet - Lilla Essingen, Stockholm - Hemnet","https://www.hemnet.se/salda/lagenhet-3rum-lilla-essingen-stockholms-kommun-primusgatan-86,-5tr-1270700",2003
Disponentgatan 2,45,2020-10-14,2695000,3110000,1981,6400,69111,2 rum,"Disponentgatan 2 - Såld bostadsrättslägenhet - Lilla Essingen - Kungsholmen, Stockholm - Hemnet",https://www.hemnet.se/salda/lagenhet-2rum-lilla-essingen-kungsholmen-stockholms-kommun-disponentgatan-2-1270442,1938
"Essinge Brogata 12, 5 tr",76,2020-10-14,4750000,6050000,4828,0,79605,3 rum,"Essinge Brogata 12, 5 tr - Såld bostadsrättslägenhet - Lilla Essingen, Stockholm - Hemnet","https://www.hemnet.se/salda/lagenhet-3rum-lilla-essingen-stockholms-kommun-essinge-brogata-12,-5-tr-1270569",0
"Essinge Brogata 5, 3 tr.",33,2020-10-14,2695000,3100000,2026,4860,93939,2 rum,"Essinge Brogata 5, 3 tr. - Såld bostadsrättslägenhet - Kungsholmen - Lilla Essingen, Stockholm - Hemnet","https://www.hemnet.se/salda/lagenhet-2rum-kungsholmen-lilla-essingen-stockholms-kommun-essinge-brogata-5,-3-tr,-1270547",1938
"Essinge brogata 3, 4tr",43,2020-10-14,2995000,3350000,2508,3200,77907,2 rum,"Essinge brogata 3, 4tr - Såld bostadsrättslägenhet - Lilla Essingen, Stockholm - Hemnet","https://www.hemnet.se/salda/lagenhet-2rum-lilla-essingen-stockholms-kommun-essinge-brogata-3,-4tr-1270308",1938
"Primusgatan 51, 10tr",60,2020-10-14,4995000,5500000,3594,7300,91667,2 rum,"Primusgatan 51, 10tr - Såld bostadsrättslägenhet - Lilla Essingen, Stockholm - Hemnet","https://www.hemnet.se/salda/lagenhet-2rum-lilla-essingen-stockholms-kommun-primusgatan-51,-10tr-1269838",2005
"Primusgatan 87, 3tr",72,2020-10-13,5695000,6550000,4183,10400,90972,3 rum,"Primusgatan 87, 3tr - Såld bostadsrättslägenhet - Lilla Essingen, Stockholm - Hemnet","https://www.hemnet.se/salda/lagenhet-3rum-lilla-essingen-stockholms-kommun-primusgatan-87,-3tr-1269243",2006
Essinge Brogata 5,66,2020-10-09,3995000,5300000,3565,4860,80303,3 rum,"Essinge Brogata 5 - Såld bostadsrättslägenhet - Lilla Essingen \\ Kungsholmen, Stockholm - Hemnet",https://www.hemnet.se/salda/lagenhet-3rum-lilla-essingen-kungsholmen-stockholms-kommun-essinge-brogata-5-1267597,1938
Strålgatan 8,83,2020-10-07,6495000,7350000,5784,5900,88554,3 rum,"Strålgatan 8 - Såld bostadsrättslägenhet - Lilla Essingen \\ Kungsholmen, Stockholm - Hemnet",https://www.hemnet.se/salda/lagenhet-3rum-lilla-essingen-kungsholmen-stockholms-kommun-stralgatan-8-1265850,1940
Primusgatan 86,63,2020-10-07,5295000,5900000,3479,3400,93651,2 rum,"Primusgatan 86 - Såld bostadsrättslägenhet - Lilla Essingen, STOCKHOLM - Hemnet",https://www.hemnet.se/salda/lagenhet-2rum-lilla-essingen-stockholms-kommun-primusgatan-86-1265837,2003
"Primusgatan 91, 3 tr",62,2020-10-06,4495000,4900000,3727,4400,79032,2 rum,"Primusgatan 91, 3 tr - Såld bostadsrättslägenhet - Lilla Essingen - Kungsholmen, STOCKHOLM - Hemnet","https://www.hemnet.se/salda/lagenhet-2rum-lilla-essingen-kungsholmen-stockholms-kommun-primusgatan-91,-3-tr-1265312",2006
"Strålgatan 21, 2 tr",28,2020-10-06,2195000,2600000,2051,3800,92857,"1,5 rum","Strålgatan 21, 2 tr  - Såld bostadsrättslägenhet - Lilla Essingen - Kungsholmen, Stockholm - Hemnet","https://www.hemnet.se/salda/lagenhet-1,5rum-lilla-essingen-kungsholmen-stockholms-kommun-stralgatan-21,-2-tr-1265281",1938
Essinge brogata 23,40,2020-10-05,2795000,3300000,2435,4860,82500,2 rum,"Essinge brogata 23 - Såld bostadsrättslägenhet - Lilla Essingen \\ Kungsholmen, Stockholm - Hemnet",https://www.hemnet.se/salda/lagenhet-2rum-lilla-essingen-kungsholmen-stockholms-kommun-essinge-brogata-23-1264014,1936
"Essinge Brogata 39, vån 4/4",23,2020-10-02,1950000,2162500,1888,3600,94022,1 rum,"Essinge Brogata 39, vån 4/4 - Såld bostadsrättslägenhet - Lilla Essingen - Kungsholmen, Stockholm - Hemnet","https://www.hemnet.se/salda/lagenhet-1rum-lilla-essingen-kungsholmen-stockholms-kommun-essinge-brogata-39,-van-4-4-1263537",1938
Essinge Brogata 23,31,2020-10-02,2395000,2900000,1867,4860,93548,"1,5 rum","Essinge Brogata 23 - Såld bostadsrättslägenhet - Lilla Essingen \\ Kungsholmen, Stockholm - Hemnet","https://www.hemnet.se/salda/lagenhet-1,5rum-lilla-essingen-kungsholmen-stockholms-kommun-essinge-brogata-23-1263381",1936
"Luxgatan 21, vån 5",0,2020-10-02,3995000,4750000,3337,4860,81197,2 rum,"Luxgatan 21, vån 5 - Såld bostadsrättslägenhet - Lilla Essingen \\ Kungsholmen, Stockholm - Hemnet","https://www.hemnet.se/salda/lagenhet-2rum-lilla-essingen-kungsholmen-stockholms-kommun-luxgatan-21,-van-5-1263288",2005
"Primusgatan 78, 6tr",0,2020-09-30,9995000,10500000,6015,6000,93333,4 rum,"Primusgatan 78, 6tr - Såld bostadsrättslägenhet - Lilla Essingen, Stockholm - Hemnet","https://www.hemnet.se/salda/lagenhet-4rum-lilla-essingen-stockholms-kommun-primusgatan-78,-6tr-1261329",2004
Essinge Brogata 22,35,2020-09-29,2595000,2910000,2579,3620,83143,2 rum,"Essinge Brogata 22 - Såld bostadsrättslägenhet - Lilla Essingen \\ Kungsholmen, Stockholm - Hemnet",https://www.hemnet.se/salda/lagenhet-2rum-lilla-essingen-kungsholmen-stockholms-kommun-essinge-brogata-22-1260565,1939
Luxgatan 7,36,2020-09-29,2875000,3450000,2091,0,95833,"1,5 rum","Luxgatan 7 - Såld bostadsrättslägenhet - Stockholm, Stockholm - Hemnet","https://www.hemnet.se/salda/lagenhet-1,5rum-stockholm-stockholms-kommun-luxgatan-7-1260498",0
Primusgatan 91,62,2020-09-29,5310000,5310000,3727,5900,85645,3 rum,"Primusgatan 91 - Såld bostadsrättslägenhet - Lilla Essingen \\ Kungsholmen, Stockholm - Hemnet",https://www.hemnet.se/salda/lagenhet-3rum-lilla-essingen-kungsholmen-stockholms-kommun-primusgatan-91-1260394,2007
"Primusgatan 96, 6tr",50,2020-09-29,4595000,5100000,2936,4056,102000,2 rum,"Primusgatan 96, 6tr - Såld bostadsrättslägenhet - Lilla Essingen - Kungsholmen, Stockholm - Hemnet","https://www.hemnet.se/salda/lagenhet-2rum-lilla-essingen-kungsholmen-stockholms-kommun-primusgatan-96,-6tr-1260288",2003
"Primusgatan 54, 4tr",60,2020-09-28,4495000,4775000,3594,6600,79583,3 rum,"Primusgatan 54, 4tr - Såld bostadsrättslägenhet - Lilla Essingen, Stockholm - Hemnet","https://www.hemnet.se/salda/lagenhet-3rum-lilla-essingen-stockholms-kommun-primusgatan-54,-4tr-1259632",2005
"Primusgatan 77, 6tr",64,2020-09-25,6395000,6850000,3523,7800,107031,2 rum,"Primusgatan 77, 6tr - Såld bostadsrättslägenhet - Lilla Essingen, Stockholm - Hemnet","https://www.hemnet.se/salda/lagenhet-2rum-lilla-essingen-stockholms-kommun-primusgatan-77,-6tr-1258634",2004
Primusgatan 64,78,2020-09-24,5495000,5950000,4979,5900,76282,3 rum,"Primusgatan 64 - Såld bostadsrättslägenhet - Lilla Essingen \\ Kungsholmen, Stockholm - Hemnet",https://www.hemnet.se/salda/lagenhet-3rum-lilla-essingen-kungsholmen-stockholms-kommun-primusgatan-64-1310422,2007
"Strålgatan 19, 4 tr",33,2020-09-23,2690000,3200000,1984,2880,96970,2 rum,"Strålgatan 19, 4 tr - Såld bostadsrättslägenhet - Kungsholmen  - Lilla Essingen, Stockholm - Hemnet","https://www.hemnet.se/salda/lagenhet-2rum-kungsholmen-lilla-essingen-stockholms-kommun-stralgatan-19,-4-tr-1257144",1938
"Disponentgatan 2, 4 tr",43,2020-09-23,2995000,3650000,1892,0,84884,2 rum,"Disponentgatan 2, 4 tr - Såld bostadsrättslägenhet - Kungsholmen/Lilla Essingen, STOCKHOLM - Hemnet","https://www.hemnet.se/salda/lagenhet-2rum-kungsholmen-lilla-essingen-stockholms-kommun-disponentgatan-2,-4-tr-1256900",0
"Essinge Brogata 22, 1 tr",31,2020-09-23,2345000,2675000,2288,6180,86290,2 rum,"Essinge Brogata 22, 1 tr - Såld bostadsrättslägenhet - Lilla Essingen, Stockholm - Hemnet","https://www.hemnet.se/salda/lagenhet-2rum-lilla-essingen-stockholms-kommun-essinge-brogata-22,-1-tr-1256888",1938
"Strålgatan 47, 2 tr",32,2020-09-22,2495000,2710000,2829,6500,84688,"1,5 rum","Strålgatan 47, 2 tr - Såld bostadsrättslägenhet - Lilla Essingen - Kungsholmen, Stockholm - Hemnet","https://www.hemnet.se/salda/lagenhet-1,5rum-lilla-essingen-kungsholmen-stockholms-kommun-stralgatan-47,-2-tr-1256327",1939
"Primusgatan 96, 6tr",0,2020-09-19,8900000,8600000,4376,7200,99422,3 rum,"Primusgatan 96, 6tr - Såld bostadsrättslägenhet - Lilla Essingen, Stockholm - Hemnet","https://www.hemnet.se/salda/lagenhet-3rum-lilla-essingen-stockholms-kommun-primusgatan-96,-6tr-1254908",2003
Primusgatan 96,50,2020-09-18,4295000,4700000,2955,4056,94000,2 rum,"Primusgatan 96 - Såld bostadsrättslägenhet - Lilla Essingen - Kungsholmen, Stockholm - Hemnet","https://www.hemnet.se/salda/lagenhet-2rum-lilla-essingen-kungsholmen-stockholms-kommun-primusgatan-96,-2tr-1253907",2003
"Essinge Brogata 22, 2 tr",24,2020-09-18,1895000,2175000,1777,0,90625,1 rum,"Essinge Brogata 22, 2 tr - Såld bostadsrättslägenhet - Kungsholmen - Lilla Essingen, Stockholm - Hemnet","https://www.hemnet.se/salda/lagenhet-1rum-kungsholmen-lilla-essingen-stockholms-kommun-essinge-brogata-22,-2-tr-1253828",0
Essinge brogata 3,90,2020-09-17,5800000,6200000,4314,7500,68889,3 rum,"Essinge brogata 3 - Såld bostadsrättslägenhet - Lilla Essingen - Kungsholmen, Stockholm - Hemnet",https://www.hemnet.se/salda/lagenhet-3rum-lilla-essingen-kungsholmen-stockholms-kommun-essinge-brogata-3-1253646,1938
Primusgatan 51,60,2020-09-17,5025000,5025000,3594,5200,83750,3 rum,"Primusgatan 51 - Såld bostadsrättslägenhet - Kungsholmen / Lilla Essingen, STOCKHOLM - Hemnet",https://www.hemnet.se/salda/lagenhet-3rum-kungsholmen-lilla-essingen-stockholms-kommun-primusgatan-51-1273478,2004
Strålgatan 21,39,2020-09-17,2595000,2595000,2735,0,66538,2 rum,"Strålgatan 21 - Såld bostadsrättslägenhet - Lilla Essingen - Kungsholmen, Stockholm - Hemnet",https://www.hemnet.se/salda/lagenhet-2rum-lilla-essingen-kungsholmen-stockholms-kommun-stralgatan-21-1253507,0
Disponentgatan 1,35,2020-09-16,2795000,3100000,2435,0,88571,2 rum,"Disponentgatan 1 - Såld bostadsrättslägenhet - Lilla Essingen - Kungsholmen, STOCKHOLM - Hemnet",https://www.hemnet.se/salda/lagenhet-2rum-lilla-essingen-kungsholmen-stockholms-kommun-disponentgatan-1-1252718,0
"Primusgatan 110, 5tr",135,2020-09-15,13950000,15000000,7368,7800,111111,3 rum,"Primusgatan 110, 5tr - Såld bostadsrättslägenhet - Lilla Essingen, Stockholm - Hemnet","https://www.hemnet.se/salda/lagenhet-3rum-lilla-essingen-stockholms-kommun-primusgatan-110,-5tr-1251966",1935
"Primusgatan 62, 7 TR",69,2020-09-15,4590000,5075000,4507,4100,73551,3 rum,"Primusgatan 62, 7 TR - Såld bostadsrättslägenhet - Lilla Essingen, Stockholm - Hemnet","https://www.hemnet.se/salda/lagenhet-3rum-lilla-essingen-stockholms-kommun-primusgatan-62,-7-tr-1251663",2007
"Essinge Brogata 10, 3tr",39,2020-09-14,2995000,3320000,2381,5500,85128,2 rum,"Essinge Brogata 10, 3tr - Såld bostadsrättslägenhet - Lilla Essingen, Stockholm - Hemnet","https://www.hemnet.se/salda/lagenhet-2rum-lilla-essingen-stockholms-kommun-essinge-brogata-10,-3tr-1250916",1932
Primusgatan 84,102,2020-09-12,7850000,8300000,5597,0,81373,4 rum,"Primusgatan 84 - Såld bostadsrättslägenhet - Kungsholmen / Lilla Essingen, Stockholm - Hemnet",https://www.hemnet.se/salda/lagenhet-4rum-kungsholmen-lilla-essingen-stockholms-kommun-primusgatan-84-1273482,0
"Essinge Brogata 27, 4 tr",41,2020-09-11,2995000,3250000,2461,5200,79268,2 rum,"Essinge Brogata 27, 4 tr - Såld bostadsrättslägenhet - Lilla Essingen, Stockholm - Hemnet","https://www.hemnet.se/salda/lagenhet-2rum-lilla-essingen-stockholms-kommun-essinge-brogata-27,-4-tr-1249314",1938
"Essinge Brogata 10, 4 tr",39,2020-09-10,2995000,3365000,2403,0,86282,2 rum,"Essinge Brogata 10, 4 tr - Såld bostadsrättslägenhet - Kungsholmen Lilla Essingen, STOCKHOLM - Hemnet","https://www.hemnet.se/salda/lagenhet-2rum-kungsholmen-lilla-essingen-stockholms-kommun-essinge-brogata-10,-4-tr-1248680",0
"Primusgatan 106, 4tr",0,2020-09-10,9495000,9520000,5697,5600,97641,3 rum,"Primusgatan 106, 4tr - Såld bostadsrättslägenhet - Lilla Essingen, Stockholm - Hemnet","https://www.hemnet.se/salda/lagenhet-3rum-lilla-essingen-stockholms-kommun-primusgatan-106,-4tr-1248755",1935
"Essinge Brogata 15, 2tr",37,2020-09-10,2595000,2920000,1847,1100,78919,2 rum,"Essinge Brogata 15, 2tr - Såld bostadsrättslägenhet - Lilla Essingen, Stockholm - Hemnet","https://www.hemnet.se/salda/lagenhet-2rum-lilla-essingen-stockholms-kommun-essinge-brogata-15,-2tr-1248623",1939
"Primusgatan 78, 2tr",0,2020-09-10,6495000,6525000,4635,7800,82075,3 rum,"Primusgatan 78, 2tr - Såld bostadsrättslägenhet - Lilla Essingen, Stockholm - Hemnet","https://www.hemnet.se/salda/lagenhet-3rum-lilla-essingen-stockholms-kommun-primusgatan-78,-2tr-1248274",2004
Primusgatan 69,78,2020-09-09,5795000,6350000,4684,5900,81410,4 rum,"Primusgatan 69 - Såld bostadsrättslägenhet - Lilla Essingen \\ Kungsholmen, Stockholm - Hemnet",https://www.hemnet.se/salda/lagenhet-4rum-lilla-essingen-kungsholmen-stockholms-kommun-primusgatan-69-1247957,2004
Primusgatan 53,46,2020-09-09,3800000,3950000,2921,4860,85870,2 rum,"Primusgatan 53 - Såld bostadsrättslägenhet - Lilla Essingen \\ Kungsholmen, Stockholm - Hemnet",https://www.hemnet.se/salda/lagenhet-2rum-lilla-essingen-kungsholmen-stockholms-kommun-primusgatan-53-1247417,2004
Strålgatan 29,64,2020-09-07,4150000,4450000,2917,0,69531,2 rum,"Strålgatan 29 - Såld bostadsrättslägenhet - Kungsholmen - Lilla Essingen, STOCKHOLM - Hemnet",https://www.hemnet.se/salda/lagenhet-2rum-kungsholmen-lilla-essingen-stockholms-kommun-stralgatan-29-1246375,0
Strålgatan 19,58,2020-09-04,4495000,5000000,3544,11020,86207,"2,5 rum","Strålgatan 19 - Såld bostadsrättslägenhet - Lilla Essingen - Kungsholmen, Stockholm - Hemnet","https://www.hemnet.se/salda/lagenhet-2,5rum-lilla-essingen-kungsholmen-stockholms-kommun-stralgatan-19-1245398",1938
Primusgatan 70,75,2020-09-04,6995000,7350000,4376,4600,98000,3 rum,"Primusgatan 70 - Såld bostadsrättslägenhet - Lilla Essingen - Kungsholmen, Stockholm - Hemnet",https://www.hemnet.se/salda/lagenhet-3rum-lilla-essingen-kungsholmen-stockholms-kommun-primusgatan-70-1245403,2004
Essinge Brogata 8,34,2020-09-03,2395000,2700000,1565,6100,79412,"1,5 rum","Essinge Brogata 8 - Såld bostadsrättslägenhet - Lilla Essingen - Kungsholmen, Stockholm - Hemnet","https://www.hemnet.se/salda/lagenhet-1,5rum-lilla-essingen-kungsholmen-stockholms-kommun-essinge-brogata-8-1244365",1931
Strålgatan 19,40,2020-08-31,2795000,3330000,2464,5300,83250,2 rum,"Strålgatan 19 - Såld bostadsrättslägenhet - Lilla Essingen \\ Kungsholmen, Stockholm - Hemnet",https://www.hemnet.se/salda/lagenhet-2rum-lilla-essingen-kungsholmen-stockholms-kommun-stralgatan-19-1241935,1938
Essinge Brogata 15,56,2020-08-27,3895000,4350000,2795,5900,77679,3 rum,"Essinge Brogata 15 - Såld bostadsrättslägenhet - Lilla Essingen \\ Kungsholmen, Stockholm - Hemnet",https://www.hemnet.se/salda/lagenhet-3rum-lilla-essingen-kungsholmen-stockholms-kommun-essinge-brogata-15-1310427,1939
Essinge Brogata 18,0,2020-08-27,2495000,3100000,2013,3300,87324,2 rum,"Essinge Brogata 18 - Såld bostadsrättslägenhet - Lilla Essingen \\ Kungsholmen, Stockholm - Hemnet",https://www.hemnet.se/salda/lagenhet-2rum-lilla-essingen-kungsholmen-stockholms-kommun-essinge-brogata-18-1239533,1939
Essinge Brogata 5,33,2020-08-27,2495000,2600000,1904,4900,78788,2 rum,"Essinge Brogata 5 - Såld bostadsrättslägenhet - Lilla Essinge, Stockholm - Hemnet",https://www.hemnet.se/salda/lagenhet-2rum-lilla-essinge-stockholms-kommun-essinge-brogata-5-1239204,1938
Strålgatan 29. 4tr,52,2020-08-27,2995000,3650000,2475,3900,70192,2 rum,"Strålgatan 29. 4tr - Såld bostadsrättslägenhet - Lilla Essingen / Kungsholmen, Stockholm - Hemnet","https://www.hemnet.se/salda/lagenhet-2rum-lilla-essingen-kungsholmen-stockholms-kommun-stralgatan-29,-4tr-1239010",1939
Strålgatan 45,66,2020-08-26,4995000,5350000,3049,0,81061,3 rum,"Strålgatan 45 - Såld bostadsrättslägenhet - Lilla Essingen, Stockholm - Hemnet",https://www.hemnet.se/salda/lagenhet-3rum-lilla-essingen-stockholms-kommun-stralgatan-45-1239346,0
"Essinge Brogata 18, 1tr",37,2020-08-26,2495000,2925000,2099,4500,79054,2 rum,"Essinge Brogata 18, 1tr - Såld bostadsrättslägenhet - Lilla Essingen, Stockholm - Hemnet","https://www.hemnet.se/salda/lagenhet-2rum-lilla-essingen-stockholms-kommun-essinge-brogata-18,-1tr-1239089",0
Essinge Brogata 39,33,2020-08-25,2495000,2900000,2548,3480,87879,"1,5 rum","Essinge Brogata 39 - Såld bostadsrättslägenhet - Lilla Essingen \\ Kungsholmen, Stockholm - Hemnet","https://www.hemnet.se/salda/lagenhet-1,5rum-lilla-essingen-kungsholmen-stockholms-kommun-essinge-brogata-39-1237831",1938
"Luxgatan 7, 1,5 tr",22,2020-08-25,2195000,2460000,1282,3480,111818,1 rum,"Luxgatan 7, 1,5 tr - Såld bostadsrättslägenhet - STOCKHOLM - Hemnet","https://www.hemnet.se/salda/lagenhet-1rum-stockholms-kommun-luxgatan-7,-1,5-tr-1237454",1937
"Patentgatan 1, 5tr",117,2020-08-21,9495000,10550000,5617,7800,90171,4 rum,"Patentgatan 1, 5tr - Såld bostadsrättslägenhet - Lilla Essingen, Stockholm - Hemnet","https://www.hemnet.se/salda/lagenhet-4rum-lilla-essingen-stockholms-kommun-patentgatan-1,-5tr-1236388",2006
"Primusgatan 100, 6tr",90,2020-08-20,9495000,9900000,5345,7200,110000,3 rum,"Primusgatan 100, 6tr - Såld bostadsrättslägenhet - Lilla Essingen, Stockholm - Hemnet","https://www.hemnet.se/salda/lagenhet-3rum-lilla-essingen-stockholms-kommun-primusgatan-100,-6tr-1234793",1935
Primusgatan 78,0,2020-08-19,5795000,6520000,4635,5900,82013,3 rum,"Primusgatan 78 - Såld bostadsrättslägenhet - Lilla Essingen \\ Kungsholmen, Stockholm - Hemnet",https://www.hemnet.se/salda/lagenhet-3rum-lilla-essingen-kungsholmen-stockholms-kommun-primusgatan-78-1234311,2004
Primusgatan 54,60,2020-08-19,4250000,4820000,3594,5200,80333,3 rum,"Primusgatan 54 - Såld bostadsrättslägenhet - Kungsholmen / Lilla Essingen, Stockholm - Hemnet",https://www.hemnet.se/salda/lagenhet-3rum-kungsholmen-lilla-essingen-stockholms-kommun-primusgatan-54-1234105,2004
"Essinge Brogata 12, 2tr",0,2020-08-19,2890000,3300000,2398,4000,88000,2 rum,"Essinge Brogata 12, 2tr - Såld bostadsrättslägenhet - Lilla Essingen, Stockholm - Hemnet","https://www.hemnet.se/salda/lagenhet-2rum-lilla-essingen-stockholms-kommun-essinge-brogata-12,-2tr-1234620",1934
"Strålgatan 35, vån 4 / 4",33,2020-08-18,2795000,3050000,1982,4000,92424,2 rum,"Strålgatan 35, vån 4 / 4 - Såld bostadsrättslägenhet - Lilla Essingen - Kungsholmen, Stockholm - Hemnet","https://www.hemnet.se/salda/lagenhet-2rum-lilla-essingen-kungsholmen-stockholms-kommun-stralgatan-35,-van-4-4-1233703",1938
"Strålgatan 8, 1tr",54,2020-08-18,3495000,3700000,3763,4500,68519,2 rum,"Strålgatan 8, 1tr - Såld bostadsrättslägenhet - Lilla Essingen - Kungsholmen, STOCKHOLM - Hemnet","https://www.hemnet.se/salda/lagenhet-2rum-lilla-essingen-kungsholmen-stockholms-kommun-stralgatan-8,-1tr-1233625",1938
Essinge Brogata 39,34,2020-08-16,2395000,2700000,2599,5000,79412,"1,5 rum","Essinge Brogata 39 - Såld bostadsrättslägenhet - Lilla Essingen - Kungsholmen, Stockholm - Hemnet","https://www.hemnet.se/salda/lagenhet-1,5rum-lilla-essingen-kungsholmen-stockholms-kommun-essinge-brogata-39-1232572",1938
"Essinge Brogata 19, 5tr",32,2020-08-14,2450000,2700000,1831,0,84375,"1,5 rum","Essinge Brogata 19, 5tr - Såld bostadsrättslägenhet - Kungsholmen, STOCKHOLM - Hemnet","https://www.hemnet.se/salda/lagenhet-1,5rum-kungsholmen-stockholms-kommun-essinge-brogata-19,-5tr-1231721",0
Luxgatan 37,45,2020-08-13,2995000,3325000,2883,0,73889,2 rum,Luxgatan 37 - Såld bostadsrättslägenhet - Stockholm - Hemnet,https://www.hemnet.se/salda/lagenhet-2rum-stockholms-kommun-luxgatan-37-1231535,0
"Strålgatan 35, 1 tr",48,2020-08-12,3250000,3700000,2755,5360,77083,2 rum,"Strålgatan 35, 1 tr - Såld bostadsrättslägenhet - Stockholm - Hemnet","https://www.hemnet.se/salda/lagenhet-2rum-stockholms-kommun-stralgatan-35,-1-tr-1230561",1939
"Strålgatan 21, 3tr",24,2020-08-11,1995000,2550000,1803,0,106250,1 rum,"Strålgatan 21, 3tr - Såld bostadsrättslägenhet - Kungsholmen - Lilla Essingen, Stockholm - Hemnet","https://www.hemnet.se/salda/lagenhet-1rum-kungsholmen-lilla-essingen-stockholms-kommun-stralgatan-21,-3tr-1229765",0
"Strålgatan 12, 2tr",37,2020-08-11,2750000,3150000,1753,6000,85135,2 rum,"Strålgatan 12, 2tr - Såld bostadsrättslägenhet - Lilla Essingen, Stockholm - Hemnet","https://www.hemnet.se/salda/lagenhet-2rum-lilla-essingen-stockholms-kommun-stralgatan-12,-2tr-1230103",1938
Strålgatan 21,39,2020-08-07,2495000,2650000,2735,4860,67949,2 rum,"Strålgatan 21 - Såld bostadsrättslägenhet - Lilla Essingen \\ Kungsholmen, Stockholm - Hemnet",https://www.hemnet.se/salda/lagenhet-2rum-lilla-essingen-kungsholmen-stockholms-kommun-stralgatan-21-1228644,1939
"Primusgatan 62, vån 5",69,2020-08-07,4995000,5200000,4507,0,75362,3 rum,"Primusgatan 62, vån 5 - Såld bostadsrättslägenhet - Kungsholmen Lilla Essingen, Stockholm - Hemnet","https://www.hemnet.se/salda/lagenhet-3rum-kungsholmen-lilla-essingen-stockholms-kommun-primusgatan-62,-van-5-1228384",0
"Luxgatan 6, 4tr",28,2020-08-07,2495000,2725000,1370,2400,97321,1 rum,"Luxgatan 6, 4tr - Såld bostadsrättslägenhet - Kungsholmen / Lilla Essingen, Stockholm - Hemnet","https://www.hemnet.se/salda/lagenhet-1rum-kungsholmen-lilla-essingen-stockholms-kommun-luxgatan-6,-4tr-1228693",1930
"Strålgatan 35, 4 tr",25,2020-08-06,2150000,2380000,1528,3000,95200,1 rum,"Strålgatan 35, 4 tr - Såld bostadsrättslägenhet - Kungsholmen - Lilla Essingen, STOCKHOLM - Hemnet","https://www.hemnet.se/salda/lagenhet-1rum-kungsholmen-lilla-essingen-stockholms-kommun-stralgatan-35,-4-tr-1227950",1939
"Luxgatan 7, vån 3/3",45,2020-07-28,3395000,4105000,2622,3480,91222,2 rum,"Luxgatan 7, vån 3/3 - Såld bostadsrättslägenhet - Lilla Essingen \\ Kungsholmen, Stockholm - Hemnet","https://www.hemnet.se/salda/lagenhet-2rum-lilla-essingen-kungsholmen-stockholms-kommun-luxgatan-7,-van-3-3-1224581",1937
"Strålgatan 19, 4 tr",22,2020-07-23,1995000,2810000,1383,2500,127727,1 rum,"Strålgatan 19, 4 tr - Såld bostadsrättslägenhet - Kungsholmen Lilla Essingen, Stockholm - Hemnet","https://www.hemnet.se/salda/lagenhet-1rum-kungsholmen-lilla-essingen-stockholms-kommun-stralgatan-19,-4-tr-1223060",1938
Essinge Brogata 19,42,2020-07-21,2895000,3275000,2356,8000,77976,2 rum,"Essinge Brogata 19 - Såld bostadsrättslägenhet - Lilla Essingen \\ Kungsholmen, Stockholm - Hemnet",https://www.hemnet.se/salda/lagenhet-2rum-lilla-essingen-kungsholmen-stockholms-kommun-essinge-brogata-19-1222237,1938
Primusgatan 81,0,2020-07-17,6300000,6300000,4037,4860,82353,3 rum,"Primusgatan 81 - Såld bostadsrättslägenhet - Lilla Essingen \\ Kungsholmen, Stockholm - Hemnet",https://www.hemnet.se/salda/lagenhet-3rum-lilla-essingen-kungsholmen-stockholms-kommun-primusgatan-81-1220939,2004
"Luxgatan 25, 5tr",62,2020-07-15,4395000,4600000,3727,6700,74194,2 rum,"Luxgatan 25, 5tr - Såld bostadsrättslägenhet - Lilla Essingen, Stockholm - Hemnet","https://www.hemnet.se/salda/lagenhet-2rum-lilla-essingen-stockholms-kommun-luxgatan-25,-5tr-1219841",2006
"Strålgatan 23, 2tr",40,2020-07-14,2795000,3000000,2797,5500,75000,2 rum,"Strålgatan 23, 2tr - Såld bostadsrättslägenhet - Lilla Essingen, Stockholm - Hemnet","https://www.hemnet.se/salda/lagenhet-2rum-lilla-essingen-stockholms-kommun-stralgatan-23,-2tr-1219471",1939
"Primusgatan 96, 7tr",0,2020-07-14,8800000,8950000,4552,8100,97814,3 rum,"Primusgatan 96, 7tr - Såld bostadsrättslägenhet - Lilla Essingen, Stockholm - Hemnet","https://www.hemnet.se/salda/lagenhet-3rum-lilla-essingen-stockholms-kommun-primusgatan-96,-7tr-1219415",2003
"Primusgatan 86, vån 5",63,2020-07-13,4795000,5080000,3479,3620,80635,2 rum,"Primusgatan 86, vån 5 - Såld bostadsrättslägenhet - Lilla Essingen \\ Kungsholmen, Stockholm - Hemnet","https://www.hemnet.se/salda/lagenhet-2rum-lilla-essingen-kungsholmen-stockholms-kommun-primusgatan-86,-van-5-1219001",2003
Strålgatan 23,40,2020-07-11,0,3150000,2798,7720,78750,2 rum,"Strålgatan 23 - Såld bostadsrättslägenhet - Lilla Essingen - Kungsholmen, Stockholm - Hemnet",https://www.hemnet.se/salda/lagenhet-2rum-lilla-essingen-kungsholmen-stockholms-kommun-stralgatan-23-1218588,1939
Essinge Brogata 22,31,2020-07-09,2495000,2700000,2288,4100,87097,"1,5 rum","Essinge Brogata 22 - Såld bostadsrättslägenhet - Lilla Essingen, Stockholm - Hemnet","https://www.hemnet.se/salda/lagenhet-1,5rum-lilla-essingen-stockholms-kommun-essinge-brogata-22-1217516",1938
"Luxgatan 7, 1tr",36,2020-07-08,2890000,3300000,2091,5500,91667,"1,5 rum","Luxgatan 7, 1tr - Såld bostadsrättslägenhet - Kungsholmen / Lilla Essingen, Stockholm - Hemnet","https://www.hemnet.se/salda/lagenhet-1,5rum-kungsholmen-lilla-essingen-stockholms-kommun-luxgatan-7,-1tr-1217196",1937
"Strålgatan 12, 5tr",43,2020-07-08,3195000,3350000,2127,0,77907,2 rum,"Strålgatan 12, 5tr - Såld bostadsrättslägenhet - Lilla Essingen, Stockholm - Hemnet","https://www.hemnet.se/salda/lagenhet-2rum-lilla-essingen-stockholms-kommun-stralgatan-12,-5tr-1216941",0
"Strålgatan 23, EP",32,2020-07-07,2295000,2600000,2251,4500,81250,2 rum,"Strålgatan 23, EP - Såld bostadsrättslägenhet - Kungsholmen - Lilla Essingen, Stockholm - Hemnet","https://www.hemnet.se/salda/lagenhet-2rum-kungsholmen-lilla-essingen-stockholms-kommun-stralgatan-23,-ep-1216533",1939
"Primusgatan 86, vån 3",50,2020-07-03,3495000,3870000,2955,3620,77400,2 rum,"Primusgatan 86, vån 3 - Såld bostadsrättslägenhet - Lilla Essingen \\ Kungsholmen, Stockholm - Hemnet","https://www.hemnet.se/salda/lagenhet-2rum-lilla-essingen-kungsholmen-stockholms-kommun-primusgatan-86,-van-3-1214833",2003
"Primusgatan 78, 1tr",46,2020-07-02,3295000,3550000,3076,0,77174,2 rum,"Primusgatan 78, 1tr - Såld bostadsrättslägenhet - Lilla Essingen, Stockholm - Hemnet","https://www.hemnet.se/salda/lagenhet-2rum-lilla-essingen-stockholms-kommun-primusgatan-78,-1tr-1213818",0
Primusgatan 87,51,2020-07-01,3295000,3670000,3309,4860,71961,2 rum,"Primusgatan 87 - Såld bostadsrättslägenhet - Lilla Essingen \\ Kungsholmen, Stockholm - Hemnet",https://www.hemnet.se/salda/lagenhet-2rum-lilla-essingen-kungsholmen-stockholms-kommun-primusgatan-87-1213050,2007
Strålgatan 21,49,2020-06-30,3490000,3800000,3357,0,77551,2 rum,"Strålgatan 21 - Såld bostadsrättslägenhet - Lilla Essingen - Kungsholmen, STOCKHOLM - Hemnet",https://www.hemnet.se/salda/lagenhet-2rum-lilla-essingen-kungsholmen-stockholms-kommun-stralgatan-21-1212282,0
"Primusgatan 60, 4tr",78,2020-06-30,6495000,6510000,4979,7500,83462,4 rum,"Primusgatan 60, 4tr - Såld bostadsrättslägenhet - Lilla Essingen, Stockholm - Hemnet","https://www.hemnet.se/salda/lagenhet-4rum-lilla-essingen-stockholms-kommun-primusgatan-60,-4tr-1212570",2005
Strålgatan 19,40,2020-06-26,2695000,3100000,2464,3000,77500,2 rum,"Strålgatan 19 - Såld bostadsrättslägenhet - Kungsholmen - Lilla Essingen, Stockholm - Hemnet",https://www.hemnet.se/salda/lagenhet-2rum-kungsholmen-lilla-essingen-stockholms-kommun-stralgatan-19-1211244,1938
"Primusgatan 70, 2tr",0,2020-06-19,5995000,5950000,4279,0,82069,3 rum,"Primusgatan 70, 2tr - Såld bostadsrättslägenhet - Lilla Essingen, Stockholm - Hemnet","https://www.hemnet.se/salda/lagenhet-3rum-lilla-essingen-stockholms-kommun-primusgatan-70,-2tr-1209069",0
Luxgatan 9,40,2020-06-18,3195000,3800000,1891,0,95000,2 rum,"Luxgatan 9 - Såld bostadsrättslägenhet - Lilla Essingen - Kungsholmen, Stockholm - Hemnet",https://www.hemnet.se/salda/lagenhet-2rum-lilla-essingen-kungsholmen-stockholms-kommun-luxgatan-9-1207409,0
"Strålgatan 12, 2tr",64,2020-06-18,3995000,3995000,3080,4500,62422,3 rum,"Strålgatan 12, 2tr - Såld bostadsrättslägenhet - Lilla Essingen - Kungsholmen, Stockholm - Hemnet","https://www.hemnet.se/salda/lagenhet-3rum-lilla-essingen-kungsholmen-stockholms-kommun-stralgatan-12,-2tr-1207361",0
Essinge Brogata 8,34,2020-06-17,2395000,2840000,1611,0,83529,1 rum,"Essinge Brogata 8 - Såld bostadsrättslägenhet - Lilla Essingen - Kungsholmen, Stockholm - Hemnet",https://www.hemnet.se/salda/lagenhet-1rum-lilla-essingen-kungsholmen-stockholms-kommun-essinge-brogata-8-1206354,0
"Luxgatan 23, 5tr",0,2020-06-16,5895000,5675000,4046,7800,74183,3 rum,"Luxgatan 23, 5tr - Såld bostadsrättslägenhet - Lilla Essingen, Stockholm - Hemnet","https://www.hemnet.se/salda/lagenhet-3rum-lilla-essingen-stockholms-kommun-luxgatan-23,-5tr-1204989",2006
"Primusgatan 98, vån 4",0,2020-06-13,5695000,6400000,3744,5900,90780,2 rum,"Primusgatan 98, vån 4 - Såld bostadsrättslägenhet - Lilla Essingen \\ Kungsholmen, Stockholm - Hemnet","https://www.hemnet.se/salda/lagenhet-2rum-lilla-essingen-kungsholmen-stockholms-kommun-primusgatan-98,-van-4-1203694",2003
"Primusgatan 52, 5tr",63,2020-06-13,4195000,4150000,3706,7000,65873,2 rum,"Primusgatan 52, 5tr - Såld bostadsrättslägenhet - Lilla Essingen, Stockholm - Hemnet","https://www.hemnet.se/salda/lagenhet-2rum-lilla-essingen-stockholms-kommun-primusgatan-52,-5tr-1203651",2005
"Essinge Brogata 12, 4 tr",37,2020-06-12,2795000,3025000,2366,4100,81757,2 rum,"Essinge Brogata 12, 4 tr - Såld bostadsrättslägenhet - Lilla Essingen - Kungsholmen, Stockholm - Hemnet","https://www.hemnet.se/salda/lagenhet-2rum-lilla-essingen-kungsholmen-stockholms-kommun-essinge-brogata-12,-4-tr-1203368",1938
"Primusgatan 58, 7tr",69,2020-06-11,5495000,5400000,4507,5300,78261,2 rum,"Primusgatan 58, 7tr - Såld bostadsrättslägenhet - Lilla Essingen, Stockholm - Hemnet","https://www.hemnet.se/salda/lagenhet-2rum-lilla-essingen-stockholms-kommun-primusgatan-58,-7tr-1202053",2007
"Essinge Brogata 5, 2tr",33,2020-06-10,2495000,2830000,1965,5340,85758,2 rum,"Essinge Brogata 5, 2tr - Såld bostadsrättslägenhet - Lilla Essingen / Kungsholmen, Stockholm - Hemnet","https://www.hemnet.se/salda/lagenhet-2rum-lilla-essingen-kungsholmen-stockholms-kommun-essinge-brogata-5,-2tr-1201244",0
"Primusgatan 106, 2tr",0,2020-06-10,4450000,5010000,3569,4800,101212,2 rum,"Primusgatan 106, 2tr - Såld bostadsrättslägenhet - Lilla Essingen, Stockholm - Hemnet","https://www.hemnet.se/salda/lagenhet-2rum-lilla-essingen-stockholms-kommun-primusgatan-106,-2tr-1201635",1935
Luxgatan 11,81,2020-06-08,6950000,7000000,4428,7000,86420,3 rum,"Luxgatan 11 - Såld bostadsrättslägenhet - Lilla Essingen, STOCKHOLM - Hemnet",https://www.hemnet.se/salda/lagenhet-3rum-lilla-essingen-stockholms-kommun-luxgatan-11-1199704,1936
Essinge Brogata 22,45,2020-06-03,2900000,2850000,3309,9100,63333,2 rum,"Essinge Brogata 22 - Såld bostadsrättslägenhet - Lilla Essingen - Kungsholmen, Stockholm - Hemnet",https://www.hemnet.se/salda/lagenhet-2rum-lilla-essingen-kungsholmen-stockholms-kommun-essinge-brogata-22-1197349,1938
"Strålgatan 33, vån 3/3",40,2020-06-03,2895000,3260000,2468,4860,81500,2 rum,"Strålgatan 33, vån 3/3 - Såld bostadsrättslägenhet - Lilla Essingen \\ Kungsholmen, Stockholm - Hemnet","https://www.hemnet.se/salda/lagenhet-2rum-lilla-essingen-kungsholmen-stockholms-kommun-stralgatan-33,-van-3-3-1197196",1939
Luxgatan 37,45,2020-06-02,3195000,3325000,2883,4860,73889,2 rum,"Luxgatan 37 - Såld bostadsrättslägenhet - Lilla Essingen \\ Kungsholmen, STOCKHOLM - Hemnet",https://www.hemnet.se/salda/lagenhet-2rum-lilla-essingen-kungsholmen-stockholms-kommun-luxgatan-37-1196258,2006
"Luxgatan 37, vån 9  & 10",106,2020-05-30,6495000,6870000,5277,5900,64811,3 rum,"Luxgatan 37, vån 9  & 10 - Såld bostadsrättslägenhet - Lilla Essingen \\ Kungsholmen, Stockholm - Hemnet","https://www.hemnet.se/salda/lagenhet-3rum-lilla-essingen-kungsholmen-stockholms-kommun-luxgatan-37,-van-9-10-1195083",2006
"Luxgatan 19, vån 5/5",0,2020-05-29,4295000,4800000,3337,4860,82051,2 rum,"Luxgatan 19, vån 5/5 - Såld bostadsrättslägenhet - Lilla Essingen \\ Kungsholmen, Stockholm - Hemnet","https://www.hemnet.se/salda/lagenhet-2rum-lilla-essingen-kungsholmen-stockholms-kommun-luxgatan-19,-van-5-5-1194385",2005
"Essinge Brogata 3, 4 tr",44,2020-05-29,3050000,3400000,2543,6000,77273,2 rum,"Essinge Brogata 3, 4 tr - Såld bostadsrättslägenhet - Lilla Essingen, Stockholm - Hemnet","https://www.hemnet.se/salda/lagenhet-2rum-lilla-essingen-stockholms-kommun-essinge-brogata-3,-4-tr-1194928",1938
"Strålgatan 23, 1tr",35,2020-05-29,2595000,2685000,2486,6000,76714,2 rum,"Strålgatan 23, 1tr - Såld bostadsrättslägenhet - Lilla Essingen, Stockholm - Hemnet","https://www.hemnet.se/salda/lagenhet-2rum-lilla-essingen-stockholms-kommun-stralgatan-23,-1tr-1194224",1939
"Primusgatan 74, 1tr",0,2020-05-28,4895000,5250000,4121,7800,76642,"2,5 rum","Primusgatan 74, 1tr - Såld bostadsrättslägenhet - Lilla Essingen, Stockholm - Hemnet","https://www.hemnet.se/salda/lagenhet-2,5rum-lilla-essingen-stockholms-kommun-primusgatan-74,-1tr-1193627",2004
"Primusgatan 98, vån 4",0,2020-05-20,8995000,9700000,4799,5900,100518,3 rum,"Primusgatan 98, vån 4 - Såld bostadsrättslägenhet - Lilla Essingen \\ Kungsholmen, Stockholm - Hemnet","https://www.hemnet.se/salda/lagenhet-3rum-lilla-essingen-kungsholmen-stockholms-kommun-primusgatan-98,-van-4-1188752",2003
Primusgatan 87,51,2020-05-19,3250000,3650000,3309,4860,71569,2 rum,"Primusgatan 87 - Såld bostadsrättslägenhet - Lilla Essingen \\ Kungsholmen, Stockholm - Hemnet",https://www.hemnet.se/salda/lagenhet-2rum-lilla-essingen-kungsholmen-stockholms-kommun-primusgatan-87-1188353,2007
Primusgatan 84,0,2020-05-19,4695000,5200000,4121,4860,75912,"2,5 rum","Primusgatan 84 - Såld bostadsrättslägenhet - Lilla Essingen \\ Kungsholmen, Stockholm - Hemnet","https://www.hemnet.se/salda/lagenhet-2,5rum-lilla-essingen-kungsholmen-stockholms-kommun-primusgatan-84-1188213",2004
Essinge Brogata 22,45,2020-05-14,2495000,2800000,3309,7836,62222,2 rum,"Essinge Brogata 22 - Såld bostadsrättslägenhet - Lilla Essingen \\ Kungsholmen, Stockholm - Hemnet",https://www.hemnet.se/salda/lagenhet-2rum-lilla-essingen-kungsholmen-stockholms-kommun-essinge-brogata-22-1185844,1939
"Strålgatan 12, 2tr",43,2020-05-14,2995000,3050000,2043,5500,70930,2 rum,"Strålgatan 12, 2tr - Såld bostadsrättslägenhet - Lilla Essingen, Stockholm - Hemnet","https://www.hemnet.se/salda/lagenhet-2rum-lilla-essingen-stockholms-kommun-stralgatan-12,-2tr-1185789",1938
"Essinge Brogata 39, 2 tr",23,2020-05-12,1895000,2100000,1787,3600,91304,1 rum,"Essinge Brogata 39, 2 tr - Såld bostadsrättslägenhet - Lilla Essingen - Kungsholmen, Stockholm - Hemnet","https://www.hemnet.se/salda/lagenhet-1rum-lilla-essingen-kungsholmen-stockholms-kommun-essinge-brogata-39,-2-tr-1184444",1938
Disponentgatan 1,30,2020-05-12,2450000,2500000,2176,4800,83333,1 rum,"Disponentgatan 1 - Såld bostadsrättslägenhet - Lilla Essingen, Stockholm - Hemnet",https://www.hemnet.se/salda/lagenhet-1rum-lilla-essingen-stockholms-kommun-disponentgatan-1-1184239,0
Strålgatan 8,23,2020-05-07,1995000,2248000,1603,4996,97739,1 rum,"Strålgatan 8 - Såld bostadsrättslägenhet - Lilla Essingen - Kungsholmen, Stockholm - Hemnet",https://www.hemnet.se/salda/lagenhet-1rum-lilla-essingen-kungsholmen-stockholms-kommun-stralgatan-8-1182107,1938
"Primusgatan 74, 5tr",0,2020-05-07,9995000,10400000,6326,7800,86307,4 rum,"Primusgatan 74, 5tr - Såld bostadsrättslägenhet - Lilla Essingen, Stockholm - Hemnet","https://www.hemnet.se/salda/lagenhet-4rum-lilla-essingen-stockholms-kommun-primusgatan-74,-5tr-1181901",2004
"Primusgatan 51, 6tr",87,2020-05-06,5600000,5500000,4678,7800,63218,3 rum,"Primusgatan 51, 6tr - Såld bostadsrättslägenhet - Lilla Essingen, Stockholm - Hemnet","https://www.hemnet.se/salda/lagenhet-3rum-lilla-essingen-stockholms-kommun-primusgatan-51,-6tr-1181044",2006
"Essinge Brogata 22, 1 tr",31,2020-05-05,2195000,2450000,2288,3480,79032,2 rum,"Essinge Brogata 22, 1 tr - Såld bostadsrättslägenhet - Lilla Essingen \\ Kungsholmen, Stockholm - Hemnet","https://www.hemnet.se/salda/lagenhet-2rum-lilla-essingen-kungsholmen-stockholms-kommun-essinge-brogata-22,-1-tr-1180565",1938
"Essinge Brogata 3, 2 tr",44,2020-05-05,2995000,3200000,2493,6000,72727,2 rum,"Essinge Brogata 3, 2 tr - Såld bostadsrättslägenhet - Lilla Essingen, Stockholm - Hemnet","https://www.hemnet.se/salda/lagenhet-2rum-lilla-essingen-stockholms-kommun-essinge-brogata-3,-2-tr-1180721",1938
"Essinge Brogata 39, 4 tr",23,2020-05-01,2100000,2100000,1888,3600,91304,1 rum,"Essinge Brogata 39, 4 tr - Såld bostadsrättslägenhet - Kungsholmen - Lilla Essingen, STOCKHOLM - Hemnet","https://www.hemnet.se/salda/lagenhet-1rum-kungsholmen-lilla-essingen-stockholms-kommun-essinge-brogata-39,-4-tr-1179390",1938
"Primusgatan 60, 5tr",78,2020-04-30,5995000,5850000,4979,7500,75000,3 rum,"Primusgatan 60, 5tr - Såld bostadsrättslägenhet - Lilla Essingen, Stockholm - Hemnet","https://www.hemnet.se/salda/lagenhet-3rum-lilla-essingen-stockholms-kommun-primusgatan-60,-5tr-1178636",2005
Strålgatan 23,32,2020-04-29,2495000,2800000,2300,4716,87500,2 rum,"Strålgatan 23 - Såld bostadsrättslägenhet - Lilla Essingen - Kungsholmen, Stockholm - Hemnet",https://www.hemnet.se/salda/lagenhet-2rum-lilla-essingen-kungsholmen-stockholms-kommun-stralgatan-23-1178156,1939
"Disponentgatan 6, 3tr",72,2020-04-29,4995000,5650000,4091,0,78472,3 rum,"Disponentgatan 6, 3tr - Såld bostadsrättslägenhet - Kungsholmen - Lilla Essingen, STOCKHOLM - Hemnet","https://www.hemnet.se/salda/lagenhet-3rum-kungsholmen-lilla-essingen-stockholms-kommun-disponentgatan-6,-3tr-1177827",0
"Essinge brogata 15, vån 5",39,2020-04-29,2595000,3125000,1947,5347,80128,2 rum,"Essinge brogata 15, vån 5 - Såld bostadsrättslägenhet - Lilla Essingen \\ Kungsholmen, Stockholm - Hemnet","https://www.hemnet.se/salda/lagenhet-2rum-lilla-essingen-kungsholmen-stockholms-kommun-essinge-brogata-15,-van-5-1177432",1939
"Strålgatan 29, högst upp",40,2020-04-28,2695000,2850000,2033,4400,71250,2 rum,"Strålgatan 29, högst upp - Såld bostadsrättslägenhet - Kungsholmen / Lilla Essingen, Stockholm - Hemnet","https://www.hemnet.se/salda/lagenhet-2rum-kungsholmen-lilla-essingen-stockholms-kommun-stralgatan-29,-hogst-upp-1177259",1939
Essinge Brogata 20,42,2020-04-28,2495000,2950000,2382,4860,70238,2 rum,"Essinge Brogata 20 - Såld bostadsrättslägenhet - Kungsholmen/Essingeöarna, Stockholm - Hemnet",https://www.hemnet.se/salda/lagenhet-2rum-kungsholmen-essingeoarna-stockholms-kommun-essinge-brogata-20-1176806,1939
Strålgatan 47,32,2020-04-25,2495000,2800000,2829,3000,87500,2 rum,"Strålgatan 47 - Såld bostadsrättslägenhet - Kungsholmen - Lilla Essingen, Stockholm - Hemnet",https://www.hemnet.se/salda/lagenhet-2rum-kungsholmen-lilla-essingen-stockholms-kommun-stralgatan-47-1175866,1939
Primusgatan 88,74,2020-04-24,4350000,4250000,3864,3100,57432,"2,5 rum","Primusgatan 88 - Såld bostadsrättslägenhet - Lilla Essingen - Kungsholmen, Stockholm - Hemnet","https://www.hemnet.se/salda/lagenhet-2,5rum-lilla-essingen-kungsholmen-stockholms-kommun-primusgatan-88-1175540",0
"Strålgatan 23, 4 tr",40,2020-04-23,2895000,3000000,2797,6144,75000,2 rum,"Strålgatan 23, 4 tr - Såld bostadsrättslägenhet - Lilla Essingen \\ Kungsholmen, STOCKHOLM - Hemnet","https://www.hemnet.se/salda/lagenhet-2rum-lilla-essingen-kungsholmen-stockholms-kommun-stralgatan-23,-4-tr-1174155",1938
"Essinge brogata 10, vån 4",72,2020-04-22,4495000,4700000,3801,7719,65278,3 rum,"Essinge brogata 10, vån 4 - Såld bostadsrättslägenhet - Lilla Essingen \\ Kungsholmen, Stockholm - Hemnet","https://www.hemnet.se/salda/lagenhet-3rum-lilla-essingen-kungsholmen-stockholms-kommun-essinge-brogata-10,-van-4-1173798",1932
Luxgatan 6,24,2020-04-21,1995000,2250000,1217,3800,93750,1 rum,"Luxgatan 6 - Såld bostadsrättslägenhet - Lilla Essingen - Kungsholmen, Stockholm - Hemnet",https://www.hemnet.se/salda/lagenhet-1rum-lilla-essingen-kungsholmen-stockholms-kommun-luxgatan-6-1173090,1930
"Luxgatan 25, 4tr",62,2020-04-21,4395000,4375000,3727,6700,70565,2 rum,"Luxgatan 25, 4tr - Såld bostadsrättslägenhet - Lilla Essingen, Stockholm - Hemnet","https://www.hemnet.se/salda/lagenhet-2rum-lilla-essingen-stockholms-kommun-luxgatan-25,-4tr-1172677",2006
"Essinge Brogata 5, 4 tr",66,2020-04-20,4495000,4600000,3675,7817,69697,3 rum,"Essinge Brogata 5, 4 tr - Såld bostadsrättslägenhet - Lilla Essingen, Stockholm - Hemnet","https://www.hemnet.se/salda/lagenhet-3rum-lilla-essingen-stockholms-kommun-essinge-brogata-5,-4-tr-1172595",1938
"Strålgatan 8, 4tr",35,2020-04-17,3000000,2900000,2439,6240,82857,2 rum,"Strålgatan 8, 4tr - Såld bostadsrättslägenhet - Kungsholmen-Lilla Essingen, Stockholm - Hemnet","https://www.hemnet.se/salda/lagenhet-2rum-kungsholmen-lilla-essingen-stockholms-kommun-stralgatan-8,-4tr-1171061",1939
"Primusgatan 53, vån 8",0,2020-04-16,3295000,3700000,2865,4860,83146,2 rum,"Primusgatan 53, vån 8 - Såld bostadsrättslägenhet - Lilla Essingen \\ Kungsholmen, Stockholm - Hemnet","https://www.hemnet.se/salda/lagenhet-2rum-lilla-essingen-kungsholmen-stockholms-kommun-primusgatan-53,-van-8-1170607",2004
"Patentgatan 5, 5tr",0,2020-04-15,3500000,3500000,2809,6100,76923,2 rum,"Patentgatan 5, 5tr - Såld bostadsrättslägenhet - Lilla Essingen, Stockholm - Hemnet","https://www.hemnet.se/salda/lagenhet-2rum-lilla-essingen-stockholms-kommun-patentgatan-5,-5tr-1169862",2006
"Essinge Brogata 22, vån 2",31,2020-04-10,2100000,2410000,2288,2500,77742,2 rum,"Essinge Brogata 22, vån 2 - Såld bostadsrättslägenhet - Kungsholmen Lilla Essingen, STOCKHOLM - Hemnet","https://www.hemnet.se/salda/lagenhet-2rum-kungsholmen-lilla-essingen-stockholms-kommun-essinge-brogata-22,-van-2-1168921",1938
Strålgatan 21,49,2020-04-09,3195000,3560000,3357,4860,72653,2 rum,"Strålgatan 21 - Såld bostadsrättslägenhet - Lilla Essingen \\ Kungsholmen, Stockholm - Hemnet",https://www.hemnet.se/salda/lagenhet-2rum-lilla-essingen-kungsholmen-stockholms-kommun-stralgatan-21-1168246,1939
Strålgatan 33,32,2020-04-08,2295000,2710000,1974,3700,84688,2 rum,"Strålgatan 33 - Såld bostadsrättslägenhet - Lilla Essingen - Kungsholmen, Stockholm - Hemnet",https://www.hemnet.se/salda/lagenhet-2rum-lilla-essingen-kungsholmen-stockholms-kommun-stralgatan-33-1168030,1938
"Essinge Brogata 20, 5tr",42,2020-04-08,2895000,2820000,2382,0,67143,2 rum,"Essinge Brogata 20, 5tr - Såld bostadsrättslägenhet - Kungsholmen - Lilla Essingen, STOCKHOLM - Hemnet","https://www.hemnet.se/salda/lagenhet-2rum-kungsholmen-lilla-essingen-stockholms-kommun-essinge-brogata-20,-5tr-1167491",0
"Luxgatan 19, 2tr",0,2020-04-06,4275000,4125000,3337,5800,70513,2 rum,"Luxgatan 19, 2tr - Såld bostadsrättslägenhet - Lilla Essingen, Stockholm - Hemnet","https://www.hemnet.se/salda/lagenhet-2rum-lilla-essingen-stockholms-kommun-luxgatan-19,-2tr-1166753",2006
"Luxgatan 7, 3tr",36,2020-04-01,2850000,2800000,2091,5844,77778,1 rum,"Luxgatan 7, 3tr - Såld bostadsrättslägenhet - Lilla Essingen, Stockholm - Hemnet","https://www.hemnet.se/salda/lagenhet-1rum-lilla-essingen-stockholms-kommun-luxgatan-7,-3tr-1164711",1937
"Primusgatan 81, vån 3",0,2020-03-31,5945000,6000000,4037,0,78431,3 rum,"Primusgatan 81, vån 3 - Såld bostadsrättslägenhet - Kungsholmen Lilla Essingen, Stockholm - Hemnet","https://www.hemnet.se/salda/lagenhet-3rum-kungsholmen-lilla-essingen-stockholms-kommun-primusgatan-81,-van-3-1164059",0
"Strålgatan 35, 2tr",42,2020-03-31,3050000,3000000,2470,8427,71429,2 rum,"Strålgatan 35, 2tr - Såld bostadsrättslägenhet - Lilla Essingen / Kungsholmen, STOCKHOLM - Hemnet","https://www.hemnet.se/salda/lagenhet-2rum-lilla-essingen-kungsholmen-stockholms-kommun-stralgatan-35,-2tr-1163992",1938
"Strålgatan 45, 3 tr",38,2020-03-28,3100000,3025000,1756,4200,79605,2 rum,"Strålgatan 45, 3 tr - Såld bostadsrättslägenhet - Lilla Essingen - Kungsholmen, Stockholm - Hemnet","https://www.hemnet.se/salda/lagenhet-2rum-lilla-essingen-kungsholmen-stockholms-kommun-stralgatan-45,-3-tr-1163200",1938
Disponentgatan 1,30,2020-03-27,1995000,2425000,2176,5708,80833,1 rum,"Disponentgatan 1 - Såld bostadsrättslägenhet - Lilla Essingen - Kungsholmen, Stockholm - Hemnet",https://www.hemnet.se/salda/lagenhet-1rum-lilla-essingen-kungsholmen-stockholms-kommun-disponentgatan-1-1163006,1935
Essinge Brogata 15,39,2020-03-27,2395000,2800000,1947,4860,71795,2 rum,"Essinge Brogata 15 - Såld bostadsrättslägenhet - Lilla Essingen \\ Kungsholmen, Stockholm - Hemnet",https://www.hemnet.se/salda/lagenhet-2rum-lilla-essingen-kungsholmen-stockholms-kommun-essinge-brogata-15-1162527,1939
"Essinge Brogata 39, vån 4/4",34,2020-03-25,2295000,2700000,2648,3300,79412,2 rum,"Essinge Brogata 39, vån 4/4  - Såld bostadsrättslägenhet - Lilla Essingen - Kungsholmen, Stockholm - Hemnet","https://www.hemnet.se/salda/lagenhet-2rum-lilla-essingen-kungsholmen-stockholms-kommun-essinge-brogata-39,-van-4-4-1161703",0
"Strålgatan 45, 4 tr",37,2020-03-25,2795000,3250000,1709,8900,87838,2 rum,"Strålgatan 45, 4 tr - Såld bostadsrättslägenhet - Lilla Essingen, Stockholm - Hemnet","https://www.hemnet.se/salda/lagenhet-2rum-lilla-essingen-stockholms-kommun-stralgatan-45,-4-tr-1161865",1938
Essinge Brogata 23,26,2020-03-25,1995000,2375000,1638,3200,91346,1 rum,"Essinge Brogata 23 - Såld bostadsrättslägenhet - Lilla Essingen, Stockholm - Hemnet",https://www.hemnet.se/salda/lagenhet-1rum-lilla-essingen-stockholms-kommun-essinge-brogata-23-1161579,1936
"Primusgatan 94, 6tr",56,2020-03-22,4495000,4495000,3233,6000,80268,2 rum,"Primusgatan 94, 6tr - Såld bostadsrättslägenhet - Lilla Essingen, Stockholm - Hemnet","https://www.hemnet.se/salda/lagenhet-2rum-lilla-essingen-stockholms-kommun-primusgatan-94,-6tr-1160355",2003
Primusgatan 53 6tr,46,2020-03-17,3450000,3650000,2921,4400,79348,2 rum,"Primusgatan 53 6tr - Såld bostadsrättslägenhet - Kungsholmen / Lilla Essingen, Stockholm - Hemnet",https://www.hemnet.se/salda/lagenhet-2rum-kungsholmen-lilla-essingen-stockholms-kommun-primusgatan-53-6tr-1157816,2004
Luxgatan 5,24,2020-03-16,1950000,2300000,1297,3000,95833,1 rum,"Luxgatan 5 - Såld bostadsrättslägenhet - Lilla Essingen - Kungsholmen, Stockholm - Hemnet",https://www.hemnet.se/salda/lagenhet-1rum-lilla-essingen-kungsholmen-stockholms-kommun-luxgatan-5-1157600,0
Disponentgatan 4,84,2020-03-10,4650000,5610000,4261,5900,66786,3 rum,"Disponentgatan 4 - Såld bostadsrättslägenhet - Lilla Essingen \\ Kungsholmen, Stockholm - Hemnet",https://www.hemnet.se/salda/lagenhet-3rum-lilla-essingen-kungsholmen-stockholms-kommun-disponentgatan-4-1154562,1939
"Luxgatan 27, 5tr",72,2020-03-04,5275000,5500000,4183,6700,76389,3 rum,"Luxgatan 27, 5tr - Såld bostadsrättslägenhet - Lilla Essingen, Stockholm - Hemnet","https://www.hemnet.se/salda/lagenhet-3rum-lilla-essingen-stockholms-kommun-luxgatan-27,-5tr-1151453",2006
"Strålgatan 35, 3tr",42,2020-03-04,2895000,3140000,2494,7600,74762,2 rum,"Strålgatan 35, 3tr - Såld bostadsrättslägenhet - Lilla Essingen, Stockholm - Hemnet","https://www.hemnet.se/salda/lagenhet-2rum-lilla-essingen-stockholms-kommun-stralgatan-35,-3tr-1151204",1938
Essinge Brogata 1,62,2020-03-03,4500000,4500000,2993,4800,72581,2 rum,"Essinge Brogata 1 - Såld bostadsrättslägenhet - Lilla Essingen - Kungsholmen, Stockholm - Hemnet",https://www.hemnet.se/salda/lagenhet-2rum-lilla-essingen-kungsholmen-stockholms-kommun-essinge-brogata-1-1152225,1938
Luxgatan 7,22,2020-02-26,1950000,2255000,1271,5280,102500,1 rum,"Luxgatan 7 - Såld bostadsrättslägenhet - Lilla Essingen \\ Kungsholmen, STOCKHOLM - Hemnet",https://www.hemnet.se/salda/lagenhet-1rum-lilla-essingen-kungsholmen-stockholms-kommun-luxgatan-7-1147990,1937
Luxgatan 25,62,2020-02-22,3995000,4500000,3727,0,72581,2 rum,"Luxgatan 25 - Såld bostadsrättslägenhet - Lilla Essingen - Kungsholmen, Stockholm - Hemnet",https://www.hemnet.se/salda/lagenhet-2rum-lilla-essingen-kungsholmen-stockholms-kommun-luxgatan-25-1147082,0
"Luxgatan 25, vån 6/6",100,2020-02-22,8495000,9600000,5325,8500,96000,4 rum,"Luxgatan 25, vån 6/6 - Såld bostadsrättslägenhet - Lilla Essingen \\ Kungsholmen, Stockholm - Hemnet","https://www.hemnet.se/salda/lagenhet-4rum-lilla-essingen-kungsholmen-stockholms-kommun-luxgatan-25,-van-6-6-1146443",2007
"Primusgatan 91, 3 tr",62,2020-02-20,3995000,4550000,3727,4000,73387,2 rum,"Primusgatan 91, 3 tr - Såld bostadsrättslägenhet - Lilla Essingen - Kungsholmen, STOCKHOLM - Hemnet","https://www.hemnet.se/salda/lagenhet-2rum-lilla-essingen-kungsholmen-stockholms-kommun-primusgatan-91,-3-tr-1145520",2006
Disponentgatan 4,37,2020-02-20,2695000,3225000,1979,8800,87162,2 rum,"Disponentgatan 4 - Såld bostadsrättslägenhet - Lilla Essingen, Stockholm - Hemnet",https://www.hemnet.se/salda/lagenhet-2rum-lilla-essingen-stockholms-kommun-disponentgatan-4-1144932,1939
Luxgatan 11,0,2020-02-19,2895000,3325000,2003,5200,86364,"1,5 rum","Luxgatan 11 - Såld bostadsrättslägenhet - Lilla Essingen, Stockholm - Hemnet","https://www.hemnet.se/salda/lagenhet-1,5rum-lilla-essingen-stockholms-kommun-luxgatan-11-1144976",1936
Essinge Brogata 8,37,2020-02-19,2195000,2775000,1885,7400,75000,"1,5 rum","Essinge Brogata 8 - Såld bostadsrättslägenhet - Lilla Essingen, Stockholm - Hemnet","https://www.hemnet.se/salda/lagenhet-1,5rum-lilla-essingen-stockholms-kommun-essinge-brogata-8-1144533",1931
Strålgatan 21,38,2020-02-16,2395000,2700000,2673,3800,71053,2 rum,"Strålgatan 21 - Såld bostadsrättslägenhet - Lilla Essingen \\ Kungsholmen, STOCKHOLM - Hemnet",https://www.hemnet.se/salda/lagenhet-2rum-lilla-essingen-kungsholmen-stockholms-kommun-stralgatan-21-1143428,1938
Essinge Brogata 5,24,2020-02-12,1995000,2450000,1461,5328,102083,1 rum,"Essinge Brogata 5 - Såld bostadsrättslägenhet - Lilla Essingen - Kungsholmen, Stockholm - Hemnet",https://www.hemnet.se/salda/lagenhet-1rum-lilla-essingen-kungsholmen-stockholms-kommun-essinge-brogata-5-1141495,1938
Primusgatan 69,0,2020-02-12,4895000,5600000,4568,5900,73203,3 rum,"Primusgatan 69 - Såld bostadsrättslägenhet - Lilla Essingen \\ Kungsholmen, Stockholm - Hemnet",https://www.hemnet.se/salda/lagenhet-3rum-lilla-essingen-kungsholmen-stockholms-kommun-primusgatan-69-1141187,2004
"Primusgatan 74, 2tr",65,2020-02-11,4495000,4725000,3981,6700,72692,2 rum,"Primusgatan 74, 2tr - Såld bostadsrättslägenhet - Lilla Essingen, Stockholm - Hemnet","https://www.hemnet.se/salda/lagenhet-2rum-lilla-essingen-stockholms-kommun-primusgatan-74,-2tr-1140517",2004
"Strålgatan 33, vån 3/3",40,2020-02-08,2695000,3000000,2427,3620,75000,2 rum,"Strålgatan 33, vån 3/3 - Såld bostadsrättslägenhet - Lilla Essingen \\ Kungsholmen, Stockholm - Hemnet","https://www.hemnet.se/salda/lagenhet-2rum-lilla-essingen-kungsholmen-stockholms-kommun-stralgatan-33,-van-3-3-1139622",1939
Strålgatan 19,29,2020-02-07,2650000,2995000,1812,3800,103276,"1,5 rum","Strålgatan 19  - Såld bostadsrättslägenhet - Lilla Essingen - Kungsholmen, Stockholm - Hemnet","https://www.hemnet.se/salda/lagenhet-1,5rum-lilla-essingen-kungsholmen-stockholms-kommun-stralgatan-19-1139370",1938
"Primusgatan 50, 1tr",63,2020-02-04,3950000,4125000,3706,4440,65476,"2,5 rum","Primusgatan 50, 1tr - Såld bostadsrättslägenhet - Kungsholmen/Lilla Essingen, STOCKHOLM - Hemnet","https://www.hemnet.se/salda/lagenhet-2,5rum-kungsholmen-lilla-essingen-stockholms-kommun-primusgatan-50,-1tr-1137286",2005
"Primusgatan 86, 2tr",47,2020-02-04,3295000,3500000,2848,6100,74468,2 rum,"Primusgatan 86, 2tr - Såld bostadsrättslägenhet - Lilla Essingen, Stockholm - Hemnet","https://www.hemnet.se/salda/lagenhet-2rum-lilla-essingen-stockholms-kommun-primusgatan-86,-2tr-1137091",2004
Luxparkens Marina,60,2020-02-03,1500000,1300000,0,0,21667,3 rum,"Luxparkens Marina - Såld vinterbonat fritidshus - Lilla Essingen, Stockholm - Hemnet",https://www.hemnet.se/salda/villa-3rum-lilla-essingen-stockholms-kommun-luxparkens-marina-1185419,0
"Essinge Brogata 15, 4tr",39,2020-01-30,2595000,3250000,1947,4512,83333,2 rum,"Essinge Brogata 15, 4tr - Såld bostadsrättslägenhet - Lilla Essingen, Stockholm - Hemnet","https://www.hemnet.se/salda/lagenhet-2rum-lilla-essingen-stockholms-kommun-essinge-brogata-15,-4tr-1135353",1939
"Strålgatan 8, 3tr",26,2020-01-30,2000000,2550000,1812,0,98077,1 rum,"Strålgatan 8, 3tr - Såld bostadsrättslägenhet - Lilla Essingen, STOCKHOLM - Hemnet","https://www.hemnet.se/salda/lagenhet-1rum-lilla-essingen-stockholms-kommun-stralgatan-8,-3tr-1135151",0
Strålgatan 21,35,2020-01-28,2495000,2875000,2486,5060,82143,2 rum,"Strålgatan 21 - Såld bostadsrättslägenhet - Lilla Essingen - Kungsholmen, Stockholm - Hemnet",https://www.hemnet.se/salda/lagenhet-2rum-lilla-essingen-kungsholmen-stockholms-kommun-stralgatan-21-1134147,0
Primusgatan 64,84,2020-01-24,5495000,5850000,5237,4640,69643,"3,5 rum","Primusgatan 64 - Såld bostadsrättslägenhet - Lilla Essingen \\ Kungsholmen, Stockholm - Hemnet","https://www.hemnet.se/salda/lagenhet-3,5rum-lilla-essingen-kungsholmen-stockholms-kommun-primusgatan-64-1132520",2007
Strålgatan 23,32,2020-01-23,2495000,2900000,2300,6096,90625,2 rum,"Strålgatan 23 - Såld bostadsrättslägenhet - Lilla Essingen \\ Kungsholmen, Stockholm - Hemnet",https://www.hemnet.se/salda/lagenhet-2rum-lilla-essingen-kungsholmen-stockholms-kommun-stralgatan-23-1131943,1939
Primusgatan 53,44,2020-01-23,3195000,3325000,2846,0,75568,2 rum,"Primusgatan 53 - Såld bostadsrättslägenhet - Lilla Essingen - Kungsholmen, STOCKHOLM - Hemnet",https://www.hemnet.se/salda/lagenhet-2rum-lilla-essingen-kungsholmen-stockholms-kommun-primusgatan-53-1131715,0
"Luxgatan 37, 9tr",45,2020-01-23,3595000,3700000,2883,4900,82222,2 rum,"Luxgatan 37, 9tr - Såld bostadsrättslägenhet - Lilla Essingen, Stockholm - Hemnet","https://www.hemnet.se/salda/lagenhet-2rum-lilla-essingen-stockholms-kommun-luxgatan-37,-9tr-1132026",2005
"Primusgatan 53, 6tr",0,2020-01-22,3295000,3625000,2865,5500,81461,2 rum,"Primusgatan 53, 6tr - Såld bostadsrättslägenhet - Lilla Essingen, Stockholm - Hemnet","https://www.hemnet.se/salda/lagenhet-2rum-lilla-essingen-stockholms-kommun-primusgatan-53,-6tr-1130970",2006
Strålgatan 19,58,2020-01-16,3995000,4725000,3544,5639,81466,3 rum,"Strålgatan 19 - Såld bostadsrättslägenhet - Lilla Essingen - Kungsholmen, Stockholm - Hemnet",https://www.hemnet.se/salda/lagenhet-3rum-lilla-essingen-kungsholmen-stockholms-kommun-stralgatan-19-1128287,1938
"Essinge Brogata 23, 2 tr",31,2020-01-15,2295000,2875000,1812,0,92742,1 rum,"Essinge Brogata 23, 2 tr - Såld bostadsrättslägenhet - Lilla Essingen, Stockholm - Hemnet","https://www.hemnet.se/salda/lagenhet-1rum-lilla-essingen-stockholms-kommun-essinge-brogata-23,-2-tr-1127476",0
